Название видеоролика;Описание;Количество просмотров;Url видеоролика
Менопауза. Что важно знать женщине;;163334;https://www.youtube.com/watch?v=yZ9dAYddAd8
КЛИМАКС — Менопауза;Понятие менопаузы, определение периода постменопаузы. Пре- и постменопауза соответствуют переходу от репр...;280;https://www.youtube.com/watch?v=h4rHi0Z7Ocs
Менопауза в жизни женщины;Климакс, или менопауза – это естественный период в жизни каждой женщины. Средний возраст наступления его...;251;https://www.youtube.com/watch?v=X6XBJraKT_Q
Лишний вес. Менопауза. Гормоны;Учу, как убрать избыточный вес навсегда без диет, таблеток, без обвисаний Более 20-ти лет успешной практики,...;74;https://www.youtube.com/watch?v=T0gzdUriYAo
OTVORENO STUDIO -   Менопауза кај жените;Менопауза е период која секоја жена во својот живот ќе го помине, некоја порано,а некоја покасно.Топли бран...;122;https://www.youtube.com/watch?v=G_383a1qQE8
Сбор трав при климаксе: облегчение приливов ~ менопауза;http://www.Cerdca.com/2013/08/sbor-trav-pri-klimakse-oblegchenie.html ~ Сбор трав при климаксе: облегчение приливов ~ менопауза ПОДПИ...;13300;https://www.youtube.com/watch?v=xUQ8mQZlk5k
Ранняя менопауза: что делать?;Подробнее: Магический треугольник женского здоровья http://www.jenskaiaakademia.ru/treugolinik/index.html Мастер-класс “Как прави...;244;https://www.youtube.com/watch?v=IpkILHHS-VA
Менопауза. Как вернуть здоровье после 50. Видео 3.;Менопауза - стоит ли бояться. Можно ли себя чувствовать в это время отлично? Как после 50 быть в ресурсом сост...;1219;https://www.youtube.com/watch?v=2q9MNJylzrs
Лечение от климакса,  менопауза, Советы врачей.;"Елена Малышева: ""Монастырский чай от менопаузы! Спасение есть"" В результате 60-ти дневного исследования груп...";14914;https://www.youtube.com/watch?v=LfR1qtoxO70
Как снять потливость, гипергидроз за 3 мин. Климакс, менопауза симптомы, признаки;Как снять потливость: рецепт при климаксе, менопаузе, ПМС http://zdorov.doktor-kartavenko.ru/golovnboliyoutube - получите БЕСПЛАТНО...;326307;https://www.youtube.com/watch?v=qf943Q136Qo
Менопауза и внешность женщины;Алиса Шарова, к.м.н., дерматолог, косметолог, трихолог, доцент кафедры реконструктивной и пластической хирур...;50350;https://www.youtube.com/watch?v=_GHajsMIpl4
Ранняя менопауза - Акушер-гинеколог - Татьяна Черенкова;;28;https://www.youtube.com/watch?v=VBuGT4Zlwxg
Менопауза и остеопороз;"Подпишитесь на канал ""О самом главном"" ▻ https://www.youtube.com/c/osamomglavnom?sub_confirmation=1 Смотрите все выпуски подряд: https://www...";2280;https://www.youtube.com/watch?v=dSZHpcHZ4KU
3 анализа на климакс. Какие сигналы подают гормоны;;213189;https://www.youtube.com/watch?v=1gf7D3L_aro
🔴ДЕПРЕССИЯ, МЕНОПАУЗА, КОМПЛЕКСЫ И СЕКСУAЛЬНОСТЬ ПОСЛЕ 50-ти, Inna Gonka, E515;"Ответы на ваши вопросы. СПАСИБО ЗА ПОДПИСКУ! ❤️МОЙ НОВЫЙ КАНАЛ ""Woman in Love"": ...";3692;https://www.youtube.com/watch?v=T82QCla7KJo
Отношения в период климакса, менопаузы, андропаузы. Как достойно входить в зрелость и старость;http://kichaev.ru Климакс -- преддверие старости, но не сама старость. Климактерический период может продолжаться...;27004;https://www.youtube.com/watch?v=JJFbVXHZKRE
Избыточный вес и менопауза;"Подпишитесь на канал ""О самом главном"" ▻ https://www.youtube.com/c/osamomglavnom?sub_confirmation=1 Избыточный вес усиливает проявлен...";1224;https://www.youtube.com/watch?v=ROHhFiFRl6Y
Климакс и менопауза. Симптомы, признаки:  Апатия, депрессия, раздражительность. Как снять за 3 мин;Получите рецепт Детокс-супа для облегчения симптомов климакса и менопаузы бесплатно:http://www.doktor-kartavenko.ru/programs...;12655;https://www.youtube.com/watch?v=l7M_yegjsjc
139. Менопауза;Блог - http://klubkom.net/posts/14959 Канал в YouTube - https://www.youtube.com/user/DrOlenaB Официальная страница в Facebook ...;480;https://www.youtube.com/watch?v=GzknzCoKjZM
Климакс (менопауза) и сахарный диабет;http://diabet.znaju-kak.com -- Доступные и эффективные натуральные средства против сахарного диабета Как влияет сахарн...;1728;https://www.youtube.com/watch?v=eKCfeu8NJ_0
Елена Малышева. Менопауза;"В этом выпуске телепередачи ""Жить здорово!"" с Еленой Малышевой вы узнаете: С наступлением менопаузы в органи...";430;https://www.youtube.com/watch?v=mtsbNNLQINg
Ледис формула Менопауза День - Ночь инструкция;Инструкция для слабовидящих 00:00 - Способ применения 00:14 - Противопоказания 00:24 - Фармакологическое действие...;59;https://www.youtube.com/watch?v=dyz0xldAGFg
Длительность и окончание климакса;На вопрос о длительности и окончании климакса отвечает заслуженный врач РФ, академик, профессор Аккер Людм...;56881;https://www.youtube.com/watch?v=wqkN5rERo5Q
Менопауза;На видео врач рассказывает о том, что такое менопауза. В каком возрасте она бывает, чем характеризуется....;1784;https://www.youtube.com/watch?v=Dw_MVqX1PvU
Неполная перегородка матки, менопауза;Представлено видео гистероскопии пациентки 60 лет, у которой на УЗИ обнаружен полип эндометрия в менопаузе...;643;https://www.youtube.com/watch?v=HsMO2R7zjL4
Менопауза;;369;https://www.youtube.com/watch?v=YKsWUMoeY0A
Менопауза и внешность женщины;"Мастер-класс ""Менопауза и внешность женщины” http://razvitiejenshini.ru/мастер-класс-менопауза-и-внешность-же/ Подроб...";312;https://www.youtube.com/watch?v=UXk5UL1OMKA
Менопауза. Как отодвинуть?;Менопауза наступает, когда роль женщины в большей степени выполнена. Наступает раньше, если нас утомила...;112;https://www.youtube.com/watch?v=RxZGc9Z2klU
Менопауза комплекс для женщин, PM PhytoGen, Solgar, 60 таблеток;https://biotus.com.ua/menopauza-kompleks-dlja-zhenschin-pm-phytogen-solgar-60-tabletok.html.;197;https://www.youtube.com/watch?v=7IdTP9uqu_Q
Менопауза у женщин - симптомы, признаки и лечение. Менопауза и сердечно сосудистая система;Менопауза у женщин - симптомы, признаки и лечение. Менопауза и сердечно сосудистая система Менопауза —...;3130;https://www.youtube.com/watch?v=u24pdCG8cTM
Проблеми при менопаузата. Трансмисивни инфекции предавани по полов път - доц  д-р Емил Ковачев;"Лекция от семинара ""Живей здравословно"" - 30 август 2017, доц. д-р Емил Ковачев - ""Проблеми при менопауза. Трансми...";342;https://www.youtube.com/watch?v=RwKigIGtWJ0
Климакс. Можно ли похудеть. Как женщине сохранить здоровье в период менопаузы.;Худеем без диет после 40 лет. https://www.youtube.com/watch?v=sKkS3M9KBls Как избавиться от лишнего веса при климаксе. Правильное...;66490;https://www.youtube.com/watch?v=VzUqkNyAXfw
Lady's Formula Менопауза;Хорошо себя чувствовать, а выглядеть еще лучше. В любом возрасте!;971924;https://www.youtube.com/watch?v=73iuZs0RaCU
Билки при менопауза с Menopause Support от Now Foods — HealthStore;Menopause Support от Now Foods е новият продукт на американския гигант Now Foods, който е в помощ на дамите. Той е създаден,...;719;https://www.youtube.com/watch?v=qmzFquWUBUc
Ледис Формула Менопауза | Lady's Formula для женщин;Узнать подробнее о препарате для женщин Ледис Формула Менопауза, Вы можете на сайте http://chtogdekupit.ru/ledis-formula-menopa...;495;https://www.youtube.com/watch?v=nxRoDsmxmRg
Менопауза;"Нужно ли посещать гинеколога в период менопаузы? Рассказывает врач-гинеколог МЦ ""Оксфорд Медикал"" Авдеева...";49;https://www.youtube.com/watch?v=-_9I7tjg2cI
Менопауза у женщин.Климакс.Гинеколог Мильнер Медикал.;Менопауза у женщин.Климакс.Проблемы возраста,симптомы и последствия.Прием ведет зав.отделения гинекологии...;50;https://www.youtube.com/watch?v=1PT3Dqx9QFI
Менопауза. Проблемы и решения.;;409;https://www.youtube.com/watch?v=mYzcEV4cz5Q
Гормоны и менопауза;Почему одни женщины чувствуют себя хуже до менопаузы, а другие после? Разные соотношения гормонов?;9096;https://www.youtube.com/watch?v=HsdaKq7q87k
🔴МЕНОПАУЗА: ХУДЕТЬ НЕ НАДО?! ВОПРОСЫ, СОВЕТЫ, ОТВЕТЫ. Inna Gonka, E503;Ответы на ваши вопросы МЕНОПАУЗА: О ЧЕМ НЕ ДОГОВАРИВАЮТ ВРАЧИ: https://youtu.be/pSceL8B0gtU СПАСИБО ЗА ПОДПИСКУ! ❤️ИНН...;6528;https://www.youtube.com/watch?v=MYtXKL12B8M
Жить здорово! Как пережить климакс. (28.11.2016);Менопауза — период в жизни женщины, когда ей приходится справляться с изменениями в своем организме....;53160;https://www.youtube.com/watch?v=SH-Cqp6aczg
Менопауза и климакс. Рекомендации и советы специалистов.;Как распознать и подготовиться к периоду менопаузы и климакса? Симптоматика климакса и как можно снизить...;26393;https://www.youtube.com/watch?v=Ho6QoBxDR7k
Как менопауза влияет на здоровье сердца;Как менопауза влияет на здоровье сердца Менопауза — это момент в жизни женщины, когда прекращаются менст...;26;https://www.youtube.com/watch?v=nge9MOWT9zc
Климакс и менопауза. Симптомы.;Гинеколог-эндокринолог, кандидат медицинских наук говорит о том, что такое менопауза и климакс, о симптома...;621;https://www.youtube.com/watch?v=ISST9mOqmow
Заболотный К.Б. Климакс, как сохранить здоровье;;73551;https://www.youtube.com/watch?v=zh-sqA_HLPY
Ранняя менопауза;13 серия 1 сезона сериала Детство Шелдона.;662;https://www.youtube.com/watch?v=h9xhM8VcstQ
Менопауза Ольга Шершун;;71;https://www.youtube.com/watch?v=KjH6De_286Q
Самое важное для женщины: Диета при менопаузе 1;Эксклюзивный клуб красоты http://biorno.ru/wppage/klub-volshebnoe-yabloko Хотите быть партнером? здесь: http://glopart.ru/public/90601 http://glopar...;65333;https://www.youtube.com/watch?v=RkyBKp0Bds4
Доппельгерц актив Менопауза инструкция;Инструкция для слабовидящих 00:00 - Способ применения 00:10 - Противопоказания 00:21 - Фармакологическое действие...;78;https://www.youtube.com/watch?v=HFTAN7o_RGo
🔴ТЫ МНЕ ЕЩЕ НА ГОЛОВУ СЯДЬ, ЛАХУДРА! МЕНОПАУЗА, СЕКС И ДР. НЕПРИЛИЧНЫЕ ВОПРОСЫ. Inna Gonka, E512;Живые новости: https://www.instagram.com/inna_gonka/ Ответы на ваши вопросы. 16+ Только для взрослых. Adult language and sexual content. Viewer...;6018;https://www.youtube.com/watch?v=Q4jW9J3cesQ
„На кафе” за менопаузата и начините с природни средства да се премине най-леко през нея;"Абонирай се за канала на ""На кафе"": https://www.youtube.com/channel/UCfF3aWdNEoaaP33HP3FPMxg?sub_confirmation=1 Посети официалния сайт: ...";1799;https://www.youtube.com/watch?v=d7MXmySJDWs
„На кафе” за менопаузата и начините с природни средства да се премине най-леко през нея;"Абонирай се за канала на ""На кафе"": https://www.youtube.com/channel/UCfF3aWdNEoaaP33HP3FPMxg?sub_confirmation=1 Посети официалния сайт: ...";1799;https://www.youtube.com/watch?v=d7MXmySJDWs
Соеви фитоестрогени при горещи вълни по време на менопауза;Източник: https://nutritionfacts.org/video/soy-phytoestrogens-for-menopause-hot-flashes Превод, корекция и обработка: Цветомира Енчева и Петър...;27;https://www.youtube.com/watch?v=7xiKkopjWH0
★ Что такое мужская менопауза, как ее распознать.Как повысить уровень тестостерона.;Источник: https://takprosto.cc/kak-povysit-uroven-testosterona/ АВТОР СТАТЬИ: Екатерина Ходюк Все картинки и текст взяты из открытых...;352;https://www.youtube.com/watch?v=JcPnTfAQLOw
Менопауза;На вопрос отвечает: врач гинеколог - эндокринолог кандидат медицинских наук Апетов Сергей Сергеевич Канди...;2074;https://www.youtube.com/watch?v=rWb4cu1ex5k
Менопауза-это не страшно.Рекомендации др.Ульвия Голденбрук #менопауза;http://aromaart.e-autopay.com/checkout/224165 Все о менопаузе Все тренинги и курсы центра Шерома Ульвии Голденбрук http://sheroma-lavanda.c...;349;https://www.youtube.com/watch?v=P2_liUAz9yM
ПОХУДЕНИЕ ВО ВРЕМЯ КЛИМАКСА\ Стройность 50 +;;6239;https://www.youtube.com/watch?v=k_nWuzRHWUA
Менопауза - не приговор!;Skype ainur_niyazova WhatsApp +996557732828 Присоединяйтесь https://niyazovaainur28.jeunesseglobal.com/;914;https://www.youtube.com/watch?v=L-kb9gtiVQ8
"""Менопауза - НАКАЗАНИЕ или ПОДАРОК?"".  #МарущикМарина";День первый - https://www.youtube.com/watch?v=-JPmZVzsmic - С ЧЕГО НАЧИНАЕТСЯ ЗДОРОВЬЕ ГОРМОНАЛЬНОЙ СИСТЕМЫ - Консультация нутри...;265;https://www.youtube.com/watch?v=guqiQ1eyBCA
Менопауза. Как легче её перенести? Здоровье;"Передача ""Объять необъятное"" (№ 42). Эфир 09.03.2013. Ведет передачу Оксана Драпкина. Медицинская ТелеАкадемия....";4127;https://www.youtube.com/watch?v=ZwSVuVXMujs
Менопауза;"http://www.leaderinfo.org/news/subscription - подписаться на рассылку... http://pro100champion.com/ - ""прокачайте"" свои навыки в СМ...";1376;https://www.youtube.com/watch?v=lcQyemtRf8U
Как Подготовиться к Менопаузе.#Менопауза.;Как Подготовиться к Менопаузе.#Менопауза. https://youtu.be/Ujz53lmbQSQ Как же подготовиться к климаксу?Подготовка должн...;511;https://www.youtube.com/watch?v=Ujz53lmbQSQ
прямой эфир от 06 06 2018 менопауза, часть 1;;566;https://www.youtube.com/watch?v=ZpQRNvVuXks
Климакс.  Менопауза.;Помощь при климаксе. Узнайте как помочь себе с видео-лекциями Доктора Константина.;196;https://www.youtube.com/watch?v=NOXJH3JhFqg
Лишний вес и менопауза: как связаны?;Симптомы менопаузы у женщин: сухая кожа и лишний вес. Симптомы климакса, лечение. ожирение лишний вес...;126;https://www.youtube.com/watch?v=QSXEOuQAVUo
Менопауза: снимите неприятные симптомы при помощи;Некоторые травяные чаи, благодаря содержанию фитоэстрогенов могут быть очень полезны для борьбы с прилива...;22;https://www.youtube.com/watch?v=VtrGFOFtZ2o
Менопауза: снимите неприятные симптомы при помощи этих 6 натуральных средств;Менопауза: снимите неприятные симптомы при помощи этих 6 натуральных средств Менопауза: снимите неприятны...;26;https://www.youtube.com/watch?v=4abELcwzq08
Первый признак климакса;Получить шпаргалку для женщин: https://goo.gl/zmU12m Первый признак климакса. Здравствуйте! Меня зовут Наталья Петр...;90873;https://www.youtube.com/watch?v=5lIRFRMwVPg
О самом главном: Депрессия, пекинская капуста, хронические заболевания, менопауза или рак;"Подпишитесь на канал ""О самом главном"" ▻ https://www.youtube.com/c/osamomglavnom?sub_confirmation=1 Депрессия: причины, как бороться,...";6402;https://www.youtube.com/watch?v=3DBUvYa1X2Y
Климакс. Симптомы, лечение.Беседа с профессором;Обстоятельный разговор о климаксе.;340606;https://www.youtube.com/watch?v=e5gYiVDG38U
Вылечила Мигрень, Головокружения, Климакс, Лишай, Диабет, Менопауза. Реальный опыт!;"Елена Малышева: ""Монастырский чай от климакса, Мигрень, Диабет, Менопаузы! Спасение есть"" В результате 60-ти...";157;https://www.youtube.com/watch?v=88QBu-qL_GY
МЕНОПАУЗА. ЧТО ВАЖНО ЗНАТЬ? ПРИЧИНЫ, СИМПТОМЫ И ДИАГНОСТИКА.;Сегодня тема нашей программы: «Менопауза». По статистике уже в 35 лет большинство женщин задумываются о...;33;https://www.youtube.com/watch?v=o6rKA7c_4Do
Менопауза;"Учебное видео для вставки на http://biolgra.ucoz.ru/ , где можно скачать 8 кл тема ""Индивидуальное развитие организма""";217;https://www.youtube.com/watch?v=4QSF69Jww1o
Менопауза и женщина;Подписывайся и смотри для пользы жизни... Хронолонг- здоровье женщины продлевает на десятки лет. Подробнее...;2359;https://www.youtube.com/watch?v=qT4V5X7z8uA
прямой эфир от 06 06 2018 менопауза, часть 2;;535;https://www.youtube.com/watch?v=Zol2P_fByHI
Оказалось причина лишнего веса не менопауза! 4 месяца. Людмила Италия. ( Отзыв 487 );Сайт курса «Управление весом» - https://upravlenie-vesom.com Facebook - https://www.facebook.com/upravlenie.vesom.;903;https://www.youtube.com/watch?v=2Pt1b9GCLXM
Менопауза, менопаузальная терапия, врач Гамзатова З.Х.;Менопауза, менопаузальная терапия, врач Гамзатова З.Х. Рассказывает Гамзатова Зайнаб Хизриевна, врач гинек...;127;https://www.youtube.com/watch?v=cuDUqHgQam0
МЕНОПАУЗА - долой страхи! /  Елена Новоселова;Елена Новоселова, психолог с двадцатилетним стажем. Закончила философский факультет МГУ, а затем Высший...;1448;https://www.youtube.com/watch?v=k2fYKco7SN8
Ранний климакс - что делать? Репродуктивная функция.;"Ранний климакс что делать http://qps.ru/XOVMs - забери вебинар ""Правила выживания на приёме у гинеколога"" 00:22 Таня...";689;https://www.youtube.com/watch?v=MdaSQv5aFeM
www.baksheev.com.ua. Менопауза. гематометра.;доктора Бакшеев С.Н. и Пустоваров С.Ю. представляют казуистическое видео гематометры в менопаузе. Пациентка...;4826;https://www.youtube.com/watch?v=pOwIlEkrszM
240 🎎 АСМР 🏥 Role Play  🎎 ГИНЕКОЛОГ и КЛИМАКС ( Менопауза) Medical gynecologist  menopause;МОИ ЛЮБИМЫЕ И МОИ ХОРОШИЕ!!! ВСЕХ БЛАГОДАРЮ ЗА ВАШУ МАТЕРИАЛЬНУЮ ПОМОЩЬ- НА РАЗВИТИЕ КАНАЛА:...;31223;https://www.youtube.com/watch?v=6pUrA4VnHwU
Татьяна Шаповалова. Женские циклы. Менопауза;"ПОЛУЧИ БЕСПЛАТНО подарки от ЭКСПЕРТОВ онлайн марафона ""Секреты Женского Счастья"" и видео записи всех вебин...";493;https://www.youtube.com/watch?v=tDaTOiJkR3w
Гнев, Менопауза Мужская и Женская! Аудиокнига: Зрелость!;Индийский Духовный Лидер и Мистик: Гнев, Менопауза! Аудиокнига: Зрелость! читает Никошо. ✨Подписывайтесь...;820;https://www.youtube.com/watch?v=V1TQ_SpHdfk
Ранний климакс: что важно знать о менопаузе?;Какие средства существуют для того, чтобы поддержать здоровье женщин в момент менопаузы? Что важно знать...;1672;https://www.youtube.com/watch?v=gf4ESwW8b8Q
Препараты при климаксе. Лена Кузьмина.;http://lindholm.ru/ Какие препараты можно и нужно принимать в климактерический период?;308738;https://www.youtube.com/watch?v=Be-tnjVmlnU
О самом главном: Низкая температура, ранняя менопауза, разрыв мениска, витамин D;"Подпишитесь на канал ""О самом главном"" ▻ https://www.youtube.com/c/osamomglavnom?sub_confirmation=1 О чем может свидетельствовать...";16767;https://www.youtube.com/watch?v=BPU1jdniumM
Медпросвет. Климакс. Менопауза. 9 марта 2017;"В рубрике ""Медпросвет"" тема женского здоровья. Помогают ли продлить молодость гормональные препараты? ...";390;https://www.youtube.com/watch?v=h7cwuiOmTaY
ПРЕЖДЕВРЕМЕННАЯ МЕНОПАУЗА (запись эфира в Инста @tatiana_gschwend);Иногда так бывает, что яичники засыпают уже к сорока годам. Это явление называется преждевременной менопау...;111;https://www.youtube.com/watch?v=7pxcEcEPECE
"""Менопауза - Климакс : самое важное что нужно знать""";Менопауза - Климакс : самое важное что нужно знать женщине с точки зрения современной медицины и многолетне...;71;https://www.youtube.com/watch?v=y-8uYfXCo5o
Суровая менопауза. Grand Theft Auto V;Разговор с тетей.;8;https://www.youtube.com/watch?v=ppFoxWgqMAU
Менопауза, как избежать проблем в этот период;Зарегистрируйтесь по ссылке, БЕСПЛАТНО: https://nsp25.com/signup.php?sid=1307097 и пользуйтесь продукцией с БЕЗУПРЕЧНЫМ...;754;https://www.youtube.com/watch?v=4BpQAy99A24
Alivemax  ОТЗЫВ Менопауза, Климакс;Alivemax ОТЗЫВ Менопауза, Климакс - между нами девочками.... Прекрасно рассказали Ирина Севостьянова и Валентин...;324;https://www.youtube.com/watch?v=B30MSH7k2cg
Менопауза - симптомы и варианты решения проблемы от гинеколога Дальи Фейсаловны Эль-Диэфи;Сохранить гармоничные семейные отношения, хорошее самочувствие в менопаузе можно не только с помощью заме...;77;https://www.youtube.com/watch?v=x2qH84SDCsg
«Женское здоровье в период предменопаузы и в менопаузе»;Рекомендации к.м.н. врача-нутрициолога Н. А. Кувяткиной. Красота и счастье женщины зависят от ее здоровья....;42;https://www.youtube.com/watch?v=plZWvQrqVmA
Менопауза.Питание и Образ Жизни.;Менопауза.Питание и Образ Жизни. https://youtu.be/WPMo6GeQg4Y В этом видео хочу поделиться с вами о том что же кушать...;1219;https://www.youtube.com/watch?v=WPMo6GeQg4Y
О самом главном: Климакс, первая помощь при укусе насекомого, артериальная гипертония;"Подпишитесь на канал ""О самом главном"" ▻ https://www.youtube.com/c/osamomglavnom?sub_confirmation=1 Как облегчить состояние в период...";147225;https://www.youtube.com/watch?v=qQKS3ZR-ACo
Не наступит ли ранняя менопауза после ЭКО?;Лечение бесплодия с помощью ЭКО. Центр Материнства и Репродуктивной Медицины «Петровские Ворота» — одно...;427;https://www.youtube.com/watch?v=T9LapNAnSqc
Менопауза и внешность женщины;;139;https://www.youtube.com/watch?v=h04n162cQAg
ЧТО ТАКОЕ МЕНОПАУЗА: ПРИЗНАКИ, ДИАГНОСТИКА..;ЧТО ТАКОЕ МЕНОПАУЗА: ПРИЗНАКИ, ДИАГНОСТИКА, СОПУТСТВУЮЩИЕ ЗАБОЛЕВАНИЯ * Subscribe here: https://goo.gl/rLCFWM.;62;https://www.youtube.com/watch?v=a3JzpGgBbFU
🔴МЕНОПАУЗА: О ЗНАЧИМОСТИ ПРОЦЕНТА ЖИРА В ОРГАНИЗМЕ. Inna Gonka, E318;http://www.smartbmicalculator.com ИММИГРАЦИЯ В США: КАК СОХРАНИТЬ НЕРВЫ И ДЕНЬГИ: ...;439;https://www.youtube.com/watch?v=HqeNd2CJBnM
GS539 Менопауза, женская добавка;GS1647 Письмо от нашего победителя. Как выжить в этот период. GS548 Витамины и как их получить от меня. Юсановска...;2864;https://www.youtube.com/watch?v=UQdwa3frbEQ
Клименум - в периода на менопауза..;Клименум – система от 24 часово комплексно действие, което допринася за справяне с горещите вълни, безпокой...;579;https://www.youtube.com/watch?v=ZbzN25Cl960
Питание и менопауза;Ольга Двойнишникова, к.м.н., эндокринолог, дерматолог-косметолог, научный сотрудник Эндокринологического...;31252;https://www.youtube.com/watch?v=KJEv0VOyuyM
Мужской климакс;;48006;https://www.youtube.com/watch?v=Mj3Mi0FlUDo
Когда наступает менопауза?;Мастер-класс “Менопауза: вопросы и ответы» http://razvitiejenshini.ru/?p=2925 Я уже много лет помогаю женщинам разобраться...;66;https://www.youtube.com/watch?v=rLPmZXdixy4
Менопауза: 8 пунктов, о которых стоит знать!;Менопауза: 8 пунктов, о которых стоит знать! Менопауза: 8 пунктов, о которых стоит знать! Когда наступает...;5;https://www.youtube.com/watch?v=h8m_aWWyRyM
КЛИМАКС МОЖНО ЗАМЕДЛИТЬ! Главное — Распознать Первые Признаки!;Вот что нужно сделать. *************************************************************** ➔ Наш сайт: ostrnum.com/ ➔ Instagram ...;77265;https://www.youtube.com/watch?v=bq6o_g4uYWc
Климакс и беременность;Можно ли забеременеть во время климакса?;48810;https://www.youtube.com/watch?v=aCwxV9G-uNc
Шалфей при климаксе и приливах. Как принимать шалфей при климаксе и приливах;Из данного видео сюжета вы узнаете как принимать шалфей при климаксе и приливах.;52309;https://www.youtube.com/watch?v=A3_SB4Hafgo
Как справиться с выпадением волос в период менопаузы? Решение проблемы от DERCOS VICHY.;В период менопаузы многие сталкиваются с проблемой истончения и выпадения волос. Но и в этом случае можно...;524267;https://www.youtube.com/watch?v=miClS2-bfEc
Главные секреты здоровья:  шёлк и менопауза;Ирина Бйорно делится секретами шёлка Все секреты - http://biorno.ru - просто и практично!!!!;3438;https://www.youtube.com/watch?v=RRx5ojjQKzI
Климакс и выпадение волос. Доктор И...;Бритые красавцы всегда в моде. А вот для женщин выпадение волос -- это большая проблема. Почему при климаксе...;40083;https://www.youtube.com/watch?v=8C49C_1aLns
Ледис формула Менопауза инструкция;Инструкция для слабовидящих 00:00 - Способ применения 00:12 - Противопоказания 00:20 - Фармакологическое действие...;20;https://www.youtube.com/watch?v=LN2ngp4KmCU
Жизнь женщины после 45 лет. Приливы при климаксе, что делать?;Что делать, если мучают приливы при климаксе? Жизнь женщины после 45 лет - https://www.youtube.com/watch?v=TjQxXpTPyi8 00:04 - Сильны...;29587;https://www.youtube.com/watch?v=V60NxaUw7Qo
"""Хотите жить долго?"": Как справиться с приливами во время менопаузы";"Как справиться с приливами во время менопаузы; почему растут бородавки и как с ними лучше бороться; в чем...";82605;https://www.youtube.com/watch?v=WrWJEEPpSSQ
Менопауза;Рассказывает врач-нутрициолог Ольга Шершун. http://nspclub.org/produkciya-nsp/bady-nsp/grepayn-detail?a=324 ...;32;https://www.youtube.com/watch?v=h-joodg-QpM
О Сексе: Менопауза / Документальный / Discovery;Подписывайся на наш канал: https://www.youtube.com/channel/UCYZDdVRU6kHTPXQIQin7wkg Смотри наши самые популярный плейлисты: С Точки...;19;https://www.youtube.com/watch?v=FRjLkuP8Xaw
Ремифемин - за жените в менопауза;Ремифемин - революционно решение за жените в менопауза Без хормони Без топли вълни Без спонтанни изпотява...;1775;https://www.youtube.com/watch?v=B3GIoCg8mio
Секс при климаксе полезен для здоровья;Подписывайтесь на наш канал, здесь много интересного!!! https://www.youtube.com/channel/UCSgIqZvN7XGkS9nS6Iju2uw.;1820135;https://www.youtube.com/watch?v=_cGHTW76UGI
Преждевременная менопауза: что это такое и как ее распознать?;Преждевременная менопауза: что это такое и как ее распознать? Преждевременная менопауза: что это такое...;7;https://www.youtube.com/watch?v=ByX1rZr8U3A
Прощайте, приливы!;;158423;https://www.youtube.com/watch?v=k6p1eE_NJhk
Д-р Снежана Адамоска-Клисароска гостин во емисијата „Визита“ на тема: Менопауза;Д-р Снежана Адамоска-Клисароска гостин во емисијата „Визита“ на тема: Менопауза http://www.acibademsistina.mk/;463;https://www.youtube.com/watch?v=UjuLY8MyDBY
Менопауза.ЗГТ. Фитоэстрогены;Безопасное и эффективное облегчение симптомов менопаузы. Хочешь узнать больше? Наталья Малкова Facebook: https://ww...;22;https://www.youtube.com/watch?v=dSjaGa1j9G0
6. Ошо. Менопауза – не просто «женские дела»;ЗРЕЛОСТЬ. 6. Ошо. Менопауза – не просто «женские дела» Читает NikOsho. Вконтакте: https://vk.com/nikosho Сайт: http://nikosho.ru/...;42;https://www.youtube.com/watch?v=q7tJjg7mofg
Климакс у женщин – гормоны, симптомы, возраст, лечение;Что делать при наступлении менопаузы, когда организм готовится к отключению репродуктивной системы? Какие...;510;https://www.youtube.com/watch?v=KQIw2gbDljE
Как избежать раннего климакса - Все буде добре - Выпуск 117 - 12.01.2013 - Все будет хорошо;Климакс для женщин звучит как приговор! Вокруг этого слова сложилось множество мифов, которые часто приход...;245496;https://www.youtube.com/watch?v=oSTZbX2Qxkk
Климакс. Как правильно лечить;;105293;https://www.youtube.com/watch?v=zjFtDG-1vxQ
Пептиды  Гормоны  Иммунитет  Ожирение  Менопауза  Подробно о Эндокринной Системе  Горгиладзе Д  А;Продукцию компании НПЦРиЗ можно приобрести по партнёрским ценам со скидкой 23% на официальном сайте партнёр...;83;https://www.youtube.com/watch?v=RM1HJPPTBTU
Образования яичников в предклимаксе и климаксе - Др. Елена Березовская -;Елена Петровна Березовская — врач-исследователь, акушер-гинеколог, автор книг о женском здоровье, учредит...;16587;https://www.youtube.com/watch?v=j35JMya-ITA
Приливы при климаксе;Народные средства от приливов при климаксе очень верное решение. Народное лечение, в отличие от традиционн...;61362;https://www.youtube.com/watch?v=v9SPH8MjvZM
Климакс - не приговор!;Есть ли жизнь после климакса? Что такое климакс? https://arsenian.ru/proekty/woman-club/trening-praktikum-sekrety-zhenskogo-zdorovya Вы выясните,...;1633;https://www.youtube.com/watch?v=I-5gUtA_R5c
Климактерические расстройства у мужчин;О том, как протекает, диагностируется и лечится мужской климакс, рассказывает доктор медицинских наук,...;24256;https://www.youtube.com/watch?v=GY_SOLwsQqE
🔴 МЕНОПАУЗА: СОВЕТЫ 40-ЛЕТНИМ. Inna Gonka, E412;ИННА ГОНКА С ЛЮБОВЬЮ ИЗ АМЕРИКИ! ЗАПИСКИ НЕПОСЕДЫ, ПУТЕШЕСТВЕННИЦЫ, БОЛТУХИ И ОБЖОРЫ . #АмериканскаяЖиз...;1778;https://www.youtube.com/watch?v=WkGpW2uTKQA
Как определить приближение климакса?;Если у женщины менструации стали нерегулярными и появились симптомы «климактерического синдрома», то...;136230;https://www.youtube.com/watch?v=8mTeFPWhqvQ
О сексе Менопауза;Выгодные кредиты / займы - ➥ Лучшие Бесплатные онлайн игры - Крупнейший. Выгодные кредиты / займы - ➥ Лучшие...;30;https://www.youtube.com/watch?v=W17ZmIzZH4w
Питание при КЛИМАКСЕ;ПО ПРОСЬБАМ ПОДПИСЧИКОВ. Видео на тему: Питание при КЛИМАКСЕ Участвуйте в жизни канала - предлагайте темы...;35585;https://www.youtube.com/watch?v=cLDjhHKvhn4
Ранняя менопауза   Акушер гинеколог   Татьяна Черенкова;;2;https://www.youtube.com/watch?v=IL5ElWO4pLg
Как восстановить гормональный фон. Никаких таблеток!;Не допусти нарушения гормонального фона: 5 трав, которые помогут восстановить женское здоровье. Многие...;23816;https://www.youtube.com/watch?v=jmlR4lvBpsw
Гінекологія. Менопауза. Атрофічний вагініт;Гинекология. Менопауза. Атрофия слизистой влагалища. Вагинальная атрофия.;378;https://www.youtube.com/watch?v=PgUAcS-8aDg
Симптомы климакса;;24426;https://www.youtube.com/watch?v=wHf6rxlKDW0
Почему наступает климакс?;Что такое климакс? Почему наступает ранний климакс? Как протекает климакс и что важно знать женщине, чтобы...;14824;https://www.youtube.com/watch?v=RBVgmNecnLQ
Препараты при климаксе;Какие препараты назначаются для облегчения самочувствия во время наступления климакса? В чем их специфика?...;107540;https://www.youtube.com/watch?v=dHmMBhyYBLE
Тесты на менопаузу;Если у женщины менструации стали нерегулярными и появились симптомы «климактерического синдрома», то...;45225;https://www.youtube.com/watch?v=EC8RipgMVRs
Как убрать приливы при климаксе на самом деле;Простая методика автора 10 книг по натуральной медицине Владимира Соколинского. Вы можете убрать приливы...;140250;https://www.youtube.com/watch?v=hXgdAlwGp18
Приливы при климаксе Как облегчить  состояние при климаксе;Приливы при климаксе Как облегчить состояние при климаксе Смотрите также: - Лечение климакса Самое просте...;51963;https://www.youtube.com/watch?v=kYuXvH6M338
Promensil - натурални хранителни добавки за менопауза;;26;https://www.youtube.com/watch?v=ir_FuUbovao
О чем молчат врачи;Немного о том, что обычно врачи не говорят своим пациентам. (Болгов Михаил Юрьевич * mikebolgov@gmail.com * 096-770-4234);18411;https://www.youtube.com/watch?v=NYJKL_JABso
Как отсрочить менопаузу и избежать проявлений климакса?;Как отсрочить менопаузу и избежать проявлений климакса? https://clck.ru/DseRU - Получи бесплатно запись вебинара:...;17926;https://www.youtube.com/watch?v=rLTZA4MFzn4
"Гормонозаместительная терапия: ""за"" и ""против""";Спрашивать дам о возрасте не принято, но в кабинете врача - другие стандарты. Здесь решается крайне важный...;41587;https://www.youtube.com/watch?v=oFWwa_7-ug4
Как климакс отражается на женщине и можно ли иметь ребенка после климакса?;Консультация специалиста осуществлена благодаря Международного клинического центра репродуктологии...;844;https://www.youtube.com/watch?v=c7BPcXlJ98k
Питание в климактерический период;;48480;https://www.youtube.com/watch?v=Kzuma1F9m1s
Как продлить молодость?.;Как продлить молодость?. Москва, 5 ноября. Британские социологи выяснили, что женщины чувствуют себя молод...;75882;https://www.youtube.com/watch?v=V2B0CA93iSg
Мужской климакс, как лечить? Советы врачей!;"Как правильно лечить Климакс! Советы Малышевой. Елена Малышева: ""Монастырский чай от климакса! Спасение...";10879;https://www.youtube.com/watch?v=_-gQ3SBZ34s
Питание при климаксе;Каждая женщина знает, что рано или поздно ей придется столкнуться с таким непростым периодом в жизни, как...;3377;https://www.youtube.com/watch?v=srzaiUwIIcQ
Женский климакс: приговор в 45-50-55 лет? А ранний климакс у женщин в 40-35-30-25-20-18-14-12 лет?;Ранний женский климакс: приговор в 45-50-55 лет? Нет! Климакс у женщин омолодился! Ранний климакс у женщин или...;28546;https://www.youtube.com/watch?v=h-SY3QuUld8
Йога для гормонов - стимуляция яичников;http://club.tatianaelle.ru/y/4c867d8 - Получить 7 базовых уроков из 30 дневной программы Гормональная Йога 3.0 Видео из серии...;84361;https://www.youtube.com/watch?v=8Mjykx0SA08
Мужской климакс. Здоровье мужчины 29;Деликатный рассказ о мужских болезнях и способах лечения. Мужчины не любят признаваться, что у них что-то...;67656;https://www.youtube.com/watch?v=cDkE8WeVKYM
Инсульт. Гипотиреоз. Интимная близость после менопаузы. Уменьшение роста с возрастом;Узнать больше можно на официальном сайте программы: http://www.zdorovieinfo.ru/ Специальный выпуск программы «Здоровь...;7398;https://www.youtube.com/watch?v=3k-VtDqWZAg
О самом главном: Частые вопросы о здоровье, средства от диареи, климакс;"Подпишитесь на канал ""О самом главном"" ▻ https://www.youtube.com/c/osamomglavnom?sub_confirmation=1 Доктор Мясников: Соль с пониженным...";20464;https://www.youtube.com/watch?v=-kPkJhsYhbI
Климакс – За живе! / За живое! Сезон 2. Выпуск 32 от 15.10.15;Больше полезного ниже! ↓ Подпишись на канал проекта «За живе!;24842;https://www.youtube.com/watch?v=ONMgwD9lgDM
Нарушения микрофлоры влагалища;Дорогие дамочки! Какие причины могут вызвать нарушения влагалищной микрофлоры? переохлаждение, перегрев...;4836;https://www.youtube.com/watch?v=wbhwlW9BErA
С.Н. Лазарев | Жизнь после климакса;Как на тонком плане выглядит мужской и женский климакс? В каком режиме следует жить после наступления клима...;43290;https://www.youtube.com/watch?v=RDSJF4Auhb0
Как отсрочить наступление климакса;Получить шпаргалку для женщин: https://goo.gl/BssUii Как отсрочить наступление климакса. Меня зовут Наталья Петрухи...;10668;https://www.youtube.com/watch?v=_NqzqJ87h88
ВОПРОСЫ 2018 Январь! СВЯЩЕННИК, ВРАЧ И ЦЕЛИТЕЛЬ - НОВАЯ МЕДИЦИНА! Приливы, климакс, гастрит, эрозия.;Внимание! Данная информация дана Вам в ознакомительных целях! Применять на себе показанные в видео методик...;15218;https://www.youtube.com/watch?v=mut_g2acvRY
COMEDY WOMAN Камеди Вуман. Продюсер.;"Женская группа пытается понравится продюсеру. Показывая весь свой потенциал и лучшие ""хиты"". Роли участниц...";4893049;https://www.youtube.com/watch?v=pREiSUmoUYM
Кому и для чего нужна гормональная терапия - Светлана Калинченко;Гормоны – это активные вещества, которые участвуют во всех физиологических процессах. Гормональный фон...;29029;https://www.youtube.com/watch?v=KL4k9x5BJPo
Медицинская правда. Климакс.;;80748;https://www.youtube.com/watch?v=CE3BybOwcFU
МНЕ 45+ ОТКРОВЕННОЕ ВИДЕО✦БОТОКС✦КЛИМАКС✦СТАРОСТЬ✦ЭВАЛАР✦ТАТЬЯНА РЕВА;Мой канал https://www.youtube.com/user/tanja71111 Мой Инстаграм https://www.instagram.com/tanja71111/ ▽ ▽ ▽ ▽ ▽ ОТКРОЙ МЕНЯ▽ ...;129330;https://www.youtube.com/watch?v=KviZG_BLtlo
🔴МАРИХУАНА, ИЛИ КАК Я ПОПАЛА В КОНОПЛЯНЫЙ БИЗНЕС. Inna Gonka, E654;Живые новости: https://www.instagram.com/inna_gonka/ СПАСИБО ЗА ПОДПИСКУ! ❤️ИННА ГОНКА С ЛЮБОВЬЮ ИЗ АМЕРИКИ! ЗАПИСКИ НЕПОС...;1713;https://www.youtube.com/watch?v=zTESMldm3L4
Шалфей для зачатия и при климаксе. Лечебные свойства, применение и противопоказания;Если Вам понравилось это видео и вы считаете эту информацию полезной, ставьте «лайк» и подписывайтесь на...;11369;https://www.youtube.com/watch?v=1yVTAxLGXP4
🔴ШОУ ПРИКЛАДНОГО ИСКУССТВА В ФИЛАДЕЛЬФИИ. Inna Gonka, E655;Живые новости: https://www.instagram.com/inna_gonka/ СПАСИБО ЗА ПОДПИСКУ! ❤️ИННА ГОНКА С ЛЮБОВЬЮ ИЗ АМЕРИКИ! ЗАПИСКИ НЕПОС...;967;https://www.youtube.com/watch?v=TLA00H9cmGA
Климакс;Климакс: каждая женщина должна владеть этой информацией.;75898;https://www.youtube.com/watch?v=sdTRcoGB_4k
"Обязательна ли операция при миоме матки? | Доктор Мясников ""О самом главном""";"Подпишитесь на канал ""О самом главном"" ▻ https://www.youtube.com/c/osamomglavnom?sub_confirmation=1 Смотрите все выпуски подряд: https://ww...";49866;https://www.youtube.com/watch?v=UVK6l1rkBWU
Недержание мочи у женщин после 50 Причины, Лечение недержания мочи;Недержание мочи. Консультация специалиста: http://doktor-kartavenko.ru/magazin/iridoskanirovanie Недержание мочи при климаксе...;359056;https://www.youtube.com/watch?v=K_D2Q1eIC98
Йога упражнения за жени;Йога упражнения за жени.;63445;https://www.youtube.com/watch?v=PNmqbKyLtNg
АРИТМИЯ сердца и ТАХИКАРДИЯ – как лечить, и можно ли обойтись без таблеток.;Аритмия сердца и тахикардия – причины, симптомы и лечение. Как лечить тахикардию и аритмию сердца – можно...;327940;https://www.youtube.com/watch?v=dU1iBvzhpw4
Смеялись до упаду 5 минут! Реально :);"То и дело моим клиентам врачи говорят: ""это невозможно"". Например, ""Ваша аудиограмма не изменится никогда""....";73;https://www.youtube.com/watch?v=Gt6zOhI8ho8
🔴БОТОКС: КАК У МЕНЯ ОПУСТИЛИСЬ БРОВИ, ИЛИ ИННА ГРОЗНАЯ. E653;Живые новости: https://www.instagram.com/inna_gonka/ СПАСИБО ЗА ПОДПИСКУ! ❤️ИННА ГОНКА С ЛЮБОВЬЮ ИЗ АМЕРИКИ! ЗАПИСКИ НЕПОС...;1841;https://www.youtube.com/watch?v=H--Ea6l4tM0
VICHY NEOVADIOL: Дерматолог Н. Коленько о том, как вернуть молодость кожи в период менопаузы.;Задать вопрос эксперту VICHY прямо сейчас http://www.vichyconsult.ru/all-franchise/neovadiol#experts Менопауза – это не повод ставить...;592;https://www.youtube.com/watch?v=AifjSjoxoMk
🔴МОЙ ПЕРВЫЙ ДЕНЬ РОЖДЕНИЯ В ГОЛЛИВУДЕ. Inna Gonka, E652;Живые новости: https://www.instagram.com/inna_gonka/ СПАСИБО ЗА ПОДПИСКУ! ❤️ИННА ГОНКА С ЛЮБОВЬЮ ИЗ АМЕРИКИ! ЗАПИСКИ НЕПОС...;1733;https://www.youtube.com/watch?v=6V91e5AYrZM
🔴КАК НАЙТИ ЛЮБОВЬ И ЗАПОЛНИТЬ ДУШУ ТЕПЛОМ. Inna Gonka, E651;Живые новости: https://www.instagram.com/inna_gonka/ СПАСИБО ЗА ПОДПИСКУ! ❤️ИННА ГОНКА С ЛЮБОВЬЮ ИЗ АМЕРИКИ! ЗАПИСКИ НЕПОС...;1883;https://www.youtube.com/watch?v=lsSfM92fc60
Мужской климакс;Сексолог Юрий Прокопенко затрагивает такую неоднозначную тему, как мужской климакс - миф это или реальность?;44428;https://www.youtube.com/watch?v=vXr68URQR4w
Menopauza i promene u organizmu žene;MART -MESEC ZA ZDRAVLJE ŽENA od 01. do 31. marta 2014 do 50% popusta na više od 100 medicinskih usluga za dame u prostorijama Doma zdravlja Dr ...;72835;https://www.youtube.com/watch?v=AMb88Ov1bLY
Ранние симптомы климакса у женщин, которые нельзя игнорировать;Оглавление: 0:05 Сбой менструального цикла 1:50 Приливы при климаксе 2:37 Проблемы с сосудами и кровообращением...;1045;https://www.youtube.com/watch?v=2AEu8cynqvE
"""MUŠKI KLIMAKS"" NARUŠAVA ZDRAVLJE";www.porodicnilekar.tv.;40329;https://www.youtube.com/watch?v=2euJ3ZUjhv4
Елена Малышева  О сухости женских половых органов;;381478;https://www.youtube.com/watch?v=8gHVp1NbIkE
Удалили шейку матки, матку, яичники!;Женщина обратилась ко мне за помощью. Был поставлен диагноз CIN III. http://rakshejkimatki.ru/po-oshibke-udalili-shejku-matki-matku-yaichniki/...;11061;https://www.youtube.com/watch?v=ALIA9X9VA7M
🔴МЕНЯ БРОСИЛ МУЖ: ИЗМЕНА, ДЕПРЕССИЯ, ЧТО ДЕЛАТЬ? Inna Gonka, E569;Живые новости: https://www.instagram.com/inna_gonka/ СПАСИБО ЗА ПОДПИСКУ! ❤️ИННА ГОНКА С ЛЮБОВЬЮ ИЗ АМЕРИКИ! ЗАПИСКИ НЕПОСЕ...;5872;https://www.youtube.com/watch?v=JxXrxNIWB0o
Вебинар №13 Разговор о женском здоровье.;Питание и беременность. Особые периоды в жизни женщины (пубертат, пременопауза, менопауза).;5184;https://www.youtube.com/watch?v=6pv9bn5fvt8
🔴БУДЕМ БРАТЬ КВАРТИРУ ЗА $4,500 В МЕСЯЦ? Inna Gonka, E639;Живые новости: https://www.instagram.com/inna_gonka/ СПАСИБО ЗА ПОДПИСКУ! ❤️ИННА ГОНКА С ЛЮБОВЬЮ ИЗ АМЕРИКИ! ЗАПИСКИ НЕПОС...;2632;https://www.youtube.com/watch?v=tpZlaqJC82E
Диагностика климакса и андропаузы / Здравствуйте;;42;https://www.youtube.com/watch?v=5ur3I7vmfg4
Интимная жизнь при климаксе полезна для здоровья;Смотрите еще видео поздравление: https://www.youtube.com/watch?v=q4Fhq_dY-lI Смотрите все видео поздравления на нашем канале:...;740;https://www.youtube.com/watch?v=JPoOTnlX6Zs
Удаление матки и возможные последствия;Об операции по удалению матки и её возможных последствиях рассказывает врач-гинеколог Дов Лаксман.;94626;https://www.youtube.com/watch?v=GriA2JZKqKU
🔴МОИ ОРХИДЕИ. ОЧЕНЬ ТРОГАТЕЛЬНЫЙ СЮЖЕТ. Inna Gonka, E634;Живые новости: https://www.instagram.com/inna_gonka/ СПАСИБО ЗА ПОДПИСКУ! ❤️ИННА ГОНКА С ЛЮБОВЬЮ ИЗ АМЕРИКИ! ЗАПИСКИ НЕПОС...;1317;https://www.youtube.com/watch?v=m44m7iv0aVw
ШОК! О ЧЁМ МОЛЧАТ ВРАЧИ И НА ЧТО ПОДСАЖИВАЮТ .КЛИМАКС 26.10.2018;ПРОЦЕСС СТАРЕНИЯ МОЖНО ТОРМОЗИТЬ ЭТИМ СРЕДСТВОМ https://www.youtube.com/watch?v=sO6qN... ПО ВСЕМ ВОПРОСАМ пишите на e-mail:...;9340;https://www.youtube.com/watch?v=ptpbe4Z4BVY
Климакс легко  | Коллоидные фитоформулы Вам помогут!;Коллоидные фитоформулы эффективно устранят гормональный дисбаланс, улучшат самочувствие при климаксе....;1797;https://www.youtube.com/watch?v=nKWv0zQcFBA
🔴СЪЕДОБНЫЕ (И НЕ ТОЛЬКО) ВКУСНЯТИНЫ ЛАС-ВЕГАСА. Inna Gonka, E630;Живые новости: https://www.instagram.com/inna_gonka/ СПАСИБО ЗА ПОДПИСКУ! ❤️ИННА ГОНКА С ЛЮБОВЬЮ ИЗ АМЕРИКИ! ЗАПИСКИ НЕПОС...;942;https://www.youtube.com/watch?v=-FtKuglXwHY
🔴ВЕНЕЦИЯ - ПОСЛЕДНЯЯ ОСТАНОВКА ПЕРЕД ДОРОГОЙ В БУДУЩЕЕ. Inna Gonka, E631;Живые новости: https://www.instagram.com/inna_gonka/ СПАСИБО ЗА ПОДПИСКУ! ❤️ИННА ГОНКА С ЛЮБОВЬЮ ИЗ АМЕРИКИ! ЗАПИСКИ НЕПОС...;2092;https://www.youtube.com/watch?v=hJ_pRQio7o4
🔴ОРХИДЕИ ЦВЕТУТ БЕЗ ОСТАНОВКИ. РЕЦЕПТ ЧЕСНОЧНОЙ ВОДЫ. Inna Gonka, E613;Живые новости: https://www.instagram.com/inna_gonka/ СПАСИБО ЗА ПОДПИСКУ! ❤️ИННА ГОНКА С ЛЮБОВЬЮ ИЗ АМЕРИКИ! ЗАПИСКИ НЕПОСЕ...;1190;https://www.youtube.com/watch?v=_Fo01d4O82c
🔴ЦЕНЫ НА ЖИЛЬЕ В ЛОС АНДЖЕЛЕСЕ КОСМИЧЕСКИЕ. Inna Gonka, E641;Живые новости: https://www.instagram.com/inna_gonka/ СПАСИБО ЗА ПОДПИСКУ! ❤️ИННА ГОНКА С ЛЮБОВЬЮ ИЗ АМЕРИКИ! ЗАПИСКИ НЕПОС...;1497;https://www.youtube.com/watch?v=folxryDMvDw
Priroda i zdravlje - menopauza;Label and copyright : ZDRAVLJE TV Zabranjeno svako kopiranje video i/ili audio snimaka i postavljanje na druge kanale!;191;https://www.youtube.com/watch?v=MAmDVSXFC3I
Priroda i zdravlje - menopauza;Label and copyright : ZDRAVLJE TV Zabranjeno svako kopiranje video i/ili audio snimaka i postavljanje na druge kanale!;191;https://www.youtube.com/watch?v=MAmDVSXFC3I
Хирургическая стерилизация женщин: последствия. Чем плох ранний климакс?;Хирургическая стерилизация женщин последствия https://clck.ru/ERMYN - ЗАБЕРИ БОЛЬШОЙ ВЕБИНАР ПО ЖЕНСКОМУ ЗДОРОВЬЮ!...;683;https://www.youtube.com/watch?v=gLtCrKiZfFY
🔴С БОГОМ! НАЧАЛО НОВОЙ ДОРОГИ. Inna Gonka, E617;Живые новости: https://www.instagram.com/inna_gonka/ СПАСИБО ЗА ПОДПИСКУ! ❤️ИННА ГОНКА С ЛЮБОВЬЮ ИЗ АМЕРИКИ! ЗАПИСКИ НЕПОСЕ...;2873;https://www.youtube.com/watch?v=OTBtM265KjU
Климакс и сыроедение!;;644;https://www.youtube.com/watch?v=0ETVchCPvQA
🔴ТАК ДЕЛАЮТСЯ ОБЛАКА. СЕКРЕТЫ ЙЕЛЛОУСТОНСКОГО ПАРКА. Inna Gonka, E627;Живые новости: https://www.instagram.com/inna_gonka/ СПАСИБО ЗА ПОДПИСКУ! ❤️ИННА ГОНКА С ЛЮБОВЬЮ ИЗ АМЕРИКИ! ЗАПИСКИ НЕПОС...;1124;https://www.youtube.com/watch?v=7VSxDIimNGI
🔴О ЖИЗНИ И ДЕПРЕССИИ. НЕ ПСИХОЛОГ- ПСИХОЛОГ ИННА ГОНКА. E594;Живые новости: https://www.instagram.com/inna_gonka/ СПАСИБО ЗА ПОДПИСКУ! ❤️ИННА ГОНКА С ЛЮБОВЬЮ ИЗ АМЕРИКИ! ЗАПИСКИ НЕПОСЕ...;1549;https://www.youtube.com/watch?v=So4suqd01Hk
Узлы в щитовидной железе, Консультация врача эндокринолога в Днепропетровске.;Узлы в щитовидной железе и их размеры. Истинные узлы как доброкачественная опухоль. Узлы, которые появляютс...;78229;https://www.youtube.com/watch?v=_4ToBiJQMw8
🔴МОЙ ГАРДЕРОБ, МОИ ЛЮБИМЫЕ КУРТОЧКИ. Inna Gonka, E612;Живые новости: https://www.instagram.com/inna_gonka/ СПАСИБО ЗА ПОДПИСКУ! ❤️ИННА ГОНКА С ЛЮБОВЬЮ ИЗ АМЕРИКИ! ЗАПИСКИ НЕПОСЕ...;1730;https://www.youtube.com/watch?v=pwh2x9Tk7CY
Снова о ПОХУДЕНИИ ВО ВРЕМЯ КЛИМАКСА\Сохранять стройность МОЖНО  и НУЖНО;продолжим разговор о питании и похудении во время менопаузы прошлое видео тут https://www.youtube.com/watch?v=k_nWuzRHWUA&t=3s.;3717;https://www.youtube.com/watch?v=uUYUAbY1t0M
Я стесняюсь своего тела. Сезон 4. Выпуск 12. Часть 1 из 2 от 20.04.17;Часть 2: https://youtu.be/sHeCAlO1WcU Врачи проекта решили выяснить: почему 37-летняя Алла Довгань всю жизнь живет на диете...;1292856;https://www.youtube.com/watch?v=UiQ7lDKRpgc
"🔴ОСТОРОЖНО: ""ПСИХОТЕРАПЕВТ""! ИЛИ ""Я В ДЕПРЕССИИ"". Inna Gonka, E571";Живые новости: https://www.instagram.com/inna_gonka/ СПАСИБО ЗА ПОДПИСКУ! ❤️ИННА ГОНКА С ЛЮБОВЬЮ ИЗ АМЕРИКИ! ЗАПИСКИ НЕПОСЕ...;1733;https://www.youtube.com/watch?v=FjvvV41z-wc
🔴РАСКОПАЛА КЛАД: ОБНАЖЕНКА. ПРОГУЛКА В ПРОШЛОЕ ХУДОЖНИКА. Inna Gonka, E632;Живые новости: https://www.instagram.com/inna_gonka/ СПАСИБО ЗА ПОДПИСКУ! ❤️ИННА ГОНКА С ЛЮБОВЬЮ ИЗ АМЕРИКИ! ЗАПИСКИ НЕПОС...;1002;https://www.youtube.com/watch?v=2ODdgRvLRgg
2.Психоделики. Боже мой ТЫ!!! КУРИШЬ!!! марихуану?  Нелегальный Абсурд.;Растительные Психоделик$. 2. Марихуана облегчает течение многих заболеваний - глаукома, менопауза, алкоголи...;15592;https://www.youtube.com/watch?v=6LUZZI3a8-I
МУЖСКОЙ КЛИМАКС;;40;https://www.youtube.com/watch?v=jV-tswXIs8M
Остеопороз третьей степени и ревматоидный полиартрит;Вопрос: Мне 59 лет, у меня обнаружили остеопороз третей степени на коленях, запястьях, плечевых суставах...;25626;https://www.youtube.com/watch?v=6kDJLQgQMt8
Наступление климакса - не проблема;Климакс — сложный, но неизбежный период в жизни каждой женщины. В это время нужно обязательно постараться...;369;https://www.youtube.com/watch?v=LsUcAtbGn_Q
Климакс. Маленький женский секрет;Климакс. Маленький женский секрет Еще больше статей о женском здоровье и климаксе, в частности, на сайте...;59846;https://www.youtube.com/watch?v=x0n0B_ur2rc
Климакс. Женщина. Эндометриоз. Или, как мне  бдительность усыпили, а я позволила.;О красоте, здоровье и многом другом - здесь: http://www.youtube.com/tags?action_view_tag=1&label=UCYh2uFhtk-d7DsYKCuvYiwA.3.;32957;https://www.youtube.com/watch?v=qrZUxp2txJ0
Гормональная терапия. Климакс;Подробная информация: http://tonuspremium.ru/lechenie-klimaksa.html Для лечения климакса современная медицина предлагает гормо...;12551;https://www.youtube.com/watch?v=gVIFlfpkkdM
🔴ЗНАКОМЬТЕСЬ  С МОИМ ДРУГОМ ДЖОЗЕФОМ И НАШЕЙ ЖИЗНЬЮ В Л.А. Inna Gonka, E649;Живые новости: https://www.instagram.com/inna_gonka/ СПАСИБО ЗА ПОДПИСКУ! ❤️ИННА ГОНКА С ЛЮБОВЬЮ ИЗ АМЕРИКИ! ЗАПИСКИ НЕПОС...;3090;https://www.youtube.com/watch?v=j2hOymYongo
Климакс.  Как легче пережить менопаузу;Рано или поздно климакс приходит к каждому. Переживать по этому поводу просто нелепо, а вот подготовиться...;5748;https://www.youtube.com/watch?v=wQEZs1CwOJk
Жить здорово! Опухоль яичников — что делать?  (06.10.2016);Каждой женщине после наступления менопаузы стоит регулярно посещать гинеколога, ведь риск развития опухо...;16633;https://www.youtube.com/watch?v=ns_bOXyLKN4
Жить здорово! Три обследования при нарушении менструального цикла.  Гормоны‑дирижеры.;Менструальный цикл у здоровой женщины работает, как часы. Если цикл нарушается, это может говорить о гормон...;40416;https://www.youtube.com/watch?v=b4hZ_t1W4CY
🔴СЕКРЕТЫ ПРАЗДНИКА- САМЫЙ ПЕРВЫЙ ВЫПУСК. ИННА ГОНКА, E1;️ИННА ГОНКА С ЛЮБОВЬЮ ИЗ АМЕРИКИ! ЗАПИСКИ НЕПОСЕДЫ, ПУТЕШЕСТВЕННИЦЫ, БОЛТУХИ И ОБЖОРЫ . #ФилософияЖизни...;1325;https://www.youtube.com/watch?v=ET6KuCDEV9o
Кто такие подологи и при чем тут Елена Дзык?;Кто такие подологи и при чем тут Елена Дзык? Продолжаем тему маникюра и педикюра. Кто такие подологи? При...;268;https://www.youtube.com/watch?v=BTUbxT5Fsvk
Климакс - не проблема! Как продлить женскую молодость?;Программа разработана к.м.н. Н.Г. Байкуловой Как наладить гормональный фон в любом возрасте, продлить женск...;1169;https://www.youtube.com/watch?v=0op6um5rf8M
Миома матки. Доброкачественная опухоль;;125678;https://www.youtube.com/watch?v=z3GetPgGX2c
Kako lakše prebroditi menopauzu?, 20. novembar 2017 (RTV Bor);Najizraženije promene hormona tokom životnog ciklusa žene, primetne su u menopauzi, fazi koji predstavlja kraj reproduktivnog perioda. Kako period klimaksa ...;10465;https://www.youtube.com/watch?v=BZsoNJMU8yw
🔴ЖИЗНЬ НА НАБЕРЕЖНОЙ И КАК Я ЛАЗИЛА ПО МУСОРНИЦЕ VENECE BEACH. Inna Gonka, E640;Живые новости: https://www.instagram.com/inna_gonka/ СПАСИБО ЗА ПОДПИСКУ! ❤️ИННА ГОНКА С ЛЮБОВЬЮ ИЗ АМЕРИКИ! ЗАПИСКИ НЕПОС...;1796;https://www.youtube.com/watch?v=UEPEngRQ1YM
Патологический климакс;Все женщины проходят климактерический или менопаузальный период. Только организм одних в силах самостоят...;4602;https://www.youtube.com/watch?v=KA1WHco_yRw
Menopauza - UBLAŽITE SIMPTOME TOPLOTNOG TALASA ( VALUNGA );Valunzi u menopauzi javljaju se kod gotovo 85 posto žena srednje dobi. Nažalost, iznenadni naleti vrućine ne zaobilaze ni nešto mlađe osobe, ali rešenja ...;21438;https://www.youtube.com/watch?v=x6p5cvlncFA
Как татуаж бровей создает лифтинг эффект;Как татуаж бровей создает лифтинг эффект Ирина Галинская Мастер-преподаватель по перманентному макияжу...;568;https://www.youtube.com/watch?v=eBfCXoWjt3E
🔴ОТНОШЕНИЯ, СЕКС И ОДИНОЧЕСТВО ПОСЛЕ 50-ти. Inna Gonka, E400;Живые новости: https://www.instagram.com/inna_gonka/ СПАСИБО ЗА ПОДПИСКУ! ❤️ИННА ГОНКА С ЛЮБОВЬЮ ИЗ АМЕРИКИ! ЗАПИСКИ НЕПОСЕ...;597569;https://www.youtube.com/watch?v=1czYpvVedLo
Памяти педагога Марина Либакова Ливанова;Памяти педагога Марина Либакова Ливанова ♡ Ксения Радова ♡ в соцсетях: Facebook ➤ https://www.facebook.com/RadovaKsenia Instagram...;85;https://www.youtube.com/watch?v=uG-iAA_zVzM
Как лечить бесплодие?;"Как лечить бесплодие? Книга ""Жизнь с нарциссом. 8:0 в мою пользу"" ✉nvw@nvw.expert Курс ""Очищение души и тела"" http://teloidush...";7080;https://www.youtube.com/watch?v=uYYwqS-noFE
🔴В 50 ПОПА УЖЕ НЕ ТА. КАК ПЕРЕЖИТЬ ЭТО И КЛИМАКС. Inna Gonka, E580;Живые новости: https://www.instagram.com/inna_gonka/ ❤️ИННА ГОНКА С ЛЮБОВЬЮ ИЗ АМЕРИКИ! ЗАПИСКИ НЕПОСЕДЫ, ПУТЕШЕСТВЕННИЦЫ,...;5897;https://www.youtube.com/watch?v=CUNFN2Fu00o
🔴КОМУ ПОДХОДИТ ЖИТЬ В МОНТАНЕ И ВАЙОМИНГЕ. ПОЧЕМУ Я НЕ ПОЮ? Inna Gonka, E625;Живые новости: https://www.instagram.com/inna_gonka/ СПАСИБО ЗА ПОДПИСКУ! ❤️ИННА ГОНКА С ЛЮБОВЬЮ ИЗ АМЕРИКИ! ЗАПИСКИ НЕПОС...;1460;https://www.youtube.com/watch?v=fkKQnOpCKdk
О самом главном: Факты о наркозе, как победить простуду, выведение глистов, польза хурмы;"Подпишитесь на канал ""О самом главном"" https://www.youtube.com/c/osamomglavnom?sub_confirmation=1 Все выпуски ""О самом главном"":...";2826;https://www.youtube.com/watch?v=V73TBpWxaTw
КАЛИНА НА ЗИМУ БЕЗ ВАРКИ;В плодах много полезных веществ. В её составе можно найти широкий спектр витаминов и минералов, эфирные...;2524;https://www.youtube.com/watch?v=-NVw9UixGdQ
Promene na kozi i kosi kod zena u menopauzi;http://www.saloninfo.rs/prodaja-kozmetike/ Prof dr sci Ljiljana Radojčić će u okviru sajma kozmetike, 7. aprila od 15:10 održati predavanje na temu: Promene na ...;22123;https://www.youtube.com/watch?v=p5jtZluMp1w
9 причин сбоя менструального цикла.  Признаки задержки.;Сегодня нарушения менструального цикла являются одним из наиболее распространенных гинекологических...;276747;https://www.youtube.com/watch?v=Qhz5PrxkYgE
НАЙТИ свою половинку.. / Е. Новоселова;Почему мы так часто ошибаемся в выборе спутника жизни? Елена Новоселова, лекция.;18264;https://www.youtube.com/watch?v=8IweDFNNRYk
ВЫСТРАИВАНИЕ интимных отношений / Елена Новоселова;Елена Новоселова, психолог с двадцатилетним стажем. Закончила философский факультет МГУ, а затем Высший...;10197;https://www.youtube.com/watch?v=4dgrEUoe7jU
Серотонин Окситоцин здоровье, молодость, красота женщины;Долголетие и женская привлекательность напрямую регулируется гормонами, Гормональным обменом. Без серото...;280;https://www.youtube.com/watch?v=H_leGOieN0I
🔴ОБЖОРЫ: КАК ВОРОВКА ЕДЫ ИЗ ПОДМОСКОВЬЯ ОКАЗАЛАСЬ В АМЕРИКАНСКОЙ ЮЖНОЙ ДАКОТЕ. Inna Gonka, E623;Живые новости: https://www.instagram.com/inna_gonka/ СПАСИБО ЗА ПОДПИСКУ! ❤️ИННА ГОНКА С ЛЮБОВЬЮ ИЗ АМЕРИКИ! ЗАПИСКИ НЕПОСЕ...;1494;https://www.youtube.com/watch?v=mrKfTp8qGvI
Носогубные складки | Причины и как убрать носогубные складки | Прямой эфир Ольги Малаховой 18+;Как убрать носогубные морщины. Гимнастика для лица. Как убрать носогубные складки упражнения. ✅ Онлайн...;26744;https://www.youtube.com/watch?v=MRgN2CjISgM
Какие гормоны способствуют сжиганию жира и похудению?;"Скачать книгу Галины Гроссманн ""Биолифтинг живота"" - http://video-for-women.ru/a/grossmann/bookfree.php ▻ Скачать видеокурс...";1254;https://www.youtube.com/watch?v=YaF8kC6w5_I
🔴ОБЗОР УМНОЙ МАШИНЫ BMW 330i. НА ПОСОШОК ПО РОДНЫМ ДОРОГАМ. Inna Gonka, E635;Живые новости: https://www.instagram.com/inna_gonka/ СПАСИБО ЗА ПОДПИСКУ! ❤️ИННА ГОНКА С ЛЮБОВЬЮ ИЗ АМЕРИКИ! ЗАПИСКИ НЕПОС...;842;https://www.youtube.com/watch?v=3Z0-0AGbZ_Q
Реакция АДминистрации на разоблачение в сфере ЖКХ по Кислоодску;Добровольная поддержка канала и его участников Карта сбербанка 6390 0260 9043 2891 24.;7713;https://www.youtube.com/watch?v=ULKVrqdkRXU
Нехватка кальция в организме. Как избежать дефицита кальция?;Нехватка кальция в организме. Как избежать дефицита кальция? Многие факторы способствуют дефициту этого...;9349;https://www.youtube.com/watch?v=uzEJJG7BXFI
Редкая форма наружного генитального эндометриоза.;Редкая форма наружного генитального эндометриоза – эндометриоз трубы, подтвержденный гистологическим...;10;https://www.youtube.com/watch?v=-n5R36TWTQs
🔴СЕКРЕТ ВОССТАНОВЛЕНИЯ ЭНЕРГИИ И БАЛАНСА В ЖИЗНИ. Inna Gonka, E552;Живые новости: https://www.instagram.com/inna_gonka/ СПАСИБО ЗА ПОДПИСКУ! ❤️ИННА ГОНКА С ЛЮБОВЬЮ ИЗ АМЕРИКИ. The Art Gala 2018 ...;2913;https://www.youtube.com/watch?v=a5N3FTauMZM
NE DEPENSEZ PLUS DES SOMMES FOLLES UTILISEZ SIMPLEMENT CES INGREDIENTS DE CUISINE!;Que se passe-t-il lorsque vous arrêtez de fumer, de boire ,comment acceler la detox ? Les bénéfices de l'arrêt du tabac et de l alcool surviennent très ...;4074;https://www.youtube.com/watch?v=B5T4PZ7y21I
Как избавиться от живота. Психосоматика;http://julia-burova.com https://www.instagram.com/julia_burovan/ Если наш животик действительно большой, и талия приближается к объёму...;98;https://www.youtube.com/watch?v=W0nOWL9dR0M
How to stop Allergies, hot flashes,hemorrhoids, lost weight KANGEN WATER Minneapolis;Allergies, hot flashes ,hemorrhoids,low back pain, chest pain , lost weight, Menopause, Аллергии , приливы , геморрое, боли в пояснице , боль в груди...;338;https://www.youtube.com/watch?v=neTtkE-vFxc
Восстановление интимной жизни после родов и в период менопаузы;После родов женщины целиком и полностью посвящают себя ребенку, и не задумываются о том, что жизнь состоит...;152703;https://www.youtube.com/watch?v=LeZZZcz0EdE
Lepe žene posle šezdesete;Dr Ana Gifing govori o osetljivom problemu menopauze koji je još uvek velika nepoznanica. Da li se može preskočiti ili zaobići? Mnoge žene su uverene da ...;9907;https://www.youtube.com/watch?v=32E0kAqin5o
Какое сердцебиение у человека считается нормальным?;http://o-gipertonii.znaju-kak.com - Здесь самые эффективные натуральные средства от гипертонии! Пульс считается основным...;29230;https://www.youtube.com/watch?v=giBmrKnwejg
Разжижение крови, профилактика  атеросклероза и тромбофлебита. Простые советы.;Разжижение крови - профилактика атеросклероза и тромбофлебита. Простые советы. * Густая кровь - причины...;3493249;https://www.youtube.com/watch?v=GDH0vnc2VWA
3 тихих убийцы женщин. Бессимптомные болезни;;828876;https://www.youtube.com/watch?v=T-5BIGEfhGw
Жить здорово! Интимные проблемы. Уколы красоты не для лица(30.05.2018);В период менопаузы в организме женщины происходит глобальная гормональная перестройка. Одно из следствий...;4425;https://www.youtube.com/watch?v=uKjJ00MURuE
🔴НАКОНЕЦ, О МОЕМ ИСКУССТВЕ. Inna Gonka Live, E564;"СПАСИБО ЗА ПОДПИСКУ! ❤️МОЙ НОВЫЙ КАНАЛ ""Woman in Love"": https://www.youtube.com/channel/UCswdaER8LUDY9kjbj5wDNEA МОЙ НОВЫЙ ...";1582;https://www.youtube.com/watch?v=-tbAe23DBKI
Здоровье женщины за 50   Врач эндокринолог Г А  Ларина;Фильмы о здоровье, применениях БАД и косметики НСП (NSP). Фильмы о бизнесе с компанией НСП (NSP). Сайт http://www.natr-nn.ru.;31603;https://www.youtube.com/watch?v=fqO8dXfxDKM
Рак молочной железы. 🏥 Ранняя диагностика рака молочной железы. Пироговский Центр;Как диагностировать рак молочной железы на ранней стадии, ▷ https://goo.gl/y879km ◁ когда возможно полное излечен...;4057;https://www.youtube.com/watch?v=vZKEMyHKtm8
Панкреатит: лечение + диета. Эффективное лечение поджелудочной железы без лекарств или лекарствами.;Панкреатит - эффективное лечение + диета. Лечение поджелудочной железы без лекарств или лекарствами. Как...;977927;https://www.youtube.com/watch?v=OdLcK_yVy6Q
Как узнать, каких витаминов вам не хватает. Какие витамины нужно пить.;Как узнать, каких витаминов вам не хватает. Какие витамины нужно принимать. Витамины группы В – польза...;731179;https://www.youtube.com/watch?v=ukqEg90XrvQ
Миома матки, 1 часть. Симптомы и лечение медикаментами;Миома матки, 1 часть. К.м.н., акушер-гинеколог Дмитрий Лубнин рассказывает о миоме матки - симптомы, природа...;258883;https://www.youtube.com/watch?v=DJcTM_AocNE
🔴КАК РАЗНОСИТЬ НОВЫЕ ТУФЛИ. СЕКРЕТЫ ЗОЛУШКИ. Inna Gonka, E268;Живые новости: https://www.instagram.com/inna_gonka/ СПАСИБО ЗА ПОДПИСКУ! ❤️ИННА ГОНКА С ЛЮБОВЬЮ ИЗ АМЕРИКИ. ЗАПИСКИ НЕПОСЕ...;84150;https://www.youtube.com/watch?v=C8bOn-g8noY
Донация яйцеклеток – что это такое? Рассказывает врач-репродуктолог клиники;Донация яйцеклеток – это хорошо опробованная во всем мире программа, которая может использоваться в соста...;646;https://www.youtube.com/watch?v=UlIuY11mIik
Жить здорово! Гиперплазия эндометрия.  (08.09.2016);Если после наступления менопаузы у женщины наблюдается маточное кровотечение, это может быть симптомом...;88688;https://www.youtube.com/watch?v=t2N031WSl3E
ЖЕНСКАЯ йога - ПРОФИЛАКТИКА ОСТЕОХОНДРОЗА на timestudy.ru;Все уроки предназначены только для женщин, и сегодня мы сделаем акцент на мышцы спины, проработаем их, прове...;18429;https://www.youtube.com/watch?v=h6QDj-16EV4
ГОРМОНЫ: Как питанием сбалансировать главные гормоны | ECONET.RU;5 самых главных гормонов и продукты питания, которые обладают способностью восстанавливать гормональный...;21399;https://www.youtube.com/watch?v=OAAkamZtsR8
Чего не есть женщинам после 50-ти лет;;895414;https://www.youtube.com/watch?v=P3ioC5X_teg
ЛЕЧЕНИЕ ВАРИКОЗА на ногах - часть 1. Как лечить варикозное расширение вен у женщин и у мужчин.;ЛЕЧЕНИЕ ВАРИКОЗА на ногах - часть1. Варикозное расширение вен. Как лечить варикоз нижних конечностей у...;264522;https://www.youtube.com/watch?v=RO3iBVifyeA
Елена Бахтина. Как продлить жизнь? Сердечно-сосудистая система. #еленабахтина;Вы узнаете причины заболеваний сердечно-сосудистой системы, какие витамины и микроэлементы необходимы...;3489;https://www.youtube.com/watch?v=FwEn2Xxvojs
Омоложение яичников - Др. Елена Березовская;Елена Петровна Березовская — врач-исследователь, акушер-гинеколог, автор книг о женском здоровье, учредит...;133830;https://www.youtube.com/watch?v=_9o1gK_8-ew
Секреты женской привлекательности  Лекция врача Степановой М;Особенности работы женского организма. Гормоны и здоровье.Рациональное питание и здоровье женщины.Методы...;7007;https://www.youtube.com/watch?v=MKvL36k_5wk
Омоложение организма. Как продлить молодость;Как продлить молодость и сохранить свое здоровье. Как замедлить старение организма. Существуют ли таблетки...;66136;https://www.youtube.com/watch?v=02nHjtE-4vU
Упражнения при артрозе на стуле и лёжа;;13714;https://www.youtube.com/watch?v=xE0ie5D47Z0
О самом главном: Питание и режим для сердца, гипертония и гипотония, бег или ходьба;"Подпишитесь на канал ""О самом главном"" ▻ https://www.youtube.com/c/osamomglavnom?sub_confirmation=1 Что полезнее: ходить или бегать?...";42759;https://www.youtube.com/watch?v=cY5CF0Igx28
Вдовий горбик, как убрать. Холка, шишка на шее - как избавиться.;Вдовий горбик, как убрать. Холка, шишка на шее - как избавиться. Горб, выпирает позвонок на шее – это остеохон...;692435;https://www.youtube.com/watch?v=KwW8-rOhzTQ
Как выбрать оправу для очков? Часть 1;Как выбрать оправу для очков? Часть 1 ♡ Ксения Радова ♡ в соцсетях: Facebook ➤ https://www.facebook.com/RadovaKsenia Instagram ➤ https://ww...;39;https://www.youtube.com/watch?v=LMXdnV7XBqY
Жить здорово! Три таблетки после 50 лет.  (26.09.2016);Старость неизбежна, но неприятные симптомы и болезни, которые традиционно связывают с ее приходом, можно...;606784;https://www.youtube.com/watch?v=CQTgfDCBE1Y
Гастрит, изжога, язва. Как надо и как НЕ надо лечить желудок.;СПАСИБО ЗА ПОДПИСКУ! Гастрит, изжога, язва желудка: причины и лечение. Как надо и как НЕ надо лечить желудок....;802159;https://www.youtube.com/watch?v=ZhMtH0WXGqQ
Елена Новоселова – о трудностях личностных взаимоотношений;Елена Новоселова – автор популярных книг и тренингов, постоянный эксперт телевизионных и радиопрограмм...;1011;https://www.youtube.com/watch?v=pALjy2KIAcI
А384МР97 - удобный шопинг с мигалкой!;Репортаж был снят 22.07.2011 г. примерно в 13 часов дня перед торговым центром «Новинский Пассаж» на остановке...;446911;https://www.youtube.com/watch?v=lzsMrULjPO0
Настойка из зеленых грецких орехов. Эликсир молодости. Лечебная настойка. // Олег Карп;Молодые, зеленые грецкие орехи являются неисчерпаемым источником натурального йода, который необходим...;210144;https://www.youtube.com/watch?v=oUrOhsF3LN8
Красота и здоровье женщины в ее гормонах;Гормоны под контролем.;1917;https://www.youtube.com/watch?v=H__w8DTaJZQ
Sex-summit Анча Баранова Размножаться или не размножаться?;"Sex-summit Анча Баранова Размножаться или не размножаться? Регистрируйтесь на Sex-summit ""Удовольствие во все времен...";131;https://www.youtube.com/watch?v=f5249b0vrD8
Здоровье.Странные вопросы о возрасте и красоте.  Уменьшение роста.  ( 08.11.2015);Уменьшение роста у женщин после наступления менопаузы связано с остеопорозом. Кто в группе риска по этому...;6513;https://www.youtube.com/watch?v=9jrDIggnlAk
"3 упражнения от боли в пятках.  Гимнастика для лечения ""пяточных шпор"".";"3 упражнения для лечения боли в пятках. Гимнастика для лечения ""пяточных шпор"". Устранение боли в подошве...";242951;https://www.youtube.com/watch?v=7HkR_tIpz3Q
Как правильно снимать стресс;Программа о том, как бороться со стрессами повседневной жизни. Подписывайтесь на наш канал, чтобы быть в...;16337;https://www.youtube.com/watch?v=4r0LgcOQEos
Врач акушер-гинеколог Казанцевой Татьяны Александровны.;Информация от специалиста Центра репродукции человека и ЭКО – врача акушера-гинеколога высшей категории,...;2;https://www.youtube.com/watch?v=F5muCqO67Pg
Гимнастика для лечения локтей и боли в локтевых суставах.;Гимнастика для лечения боли в локте и локтевых суставах помогает устранить или значительно уменьшить боли...;408933;https://www.youtube.com/watch?v=66v461L7yQw
Qadınlarda klimaks dövrü . Klimaks dövrü cavanlaşır mı ?;;9548;https://www.youtube.com/watch?v=2ksfixebJYo
"Трихомониаз. Последствия ""случайных"" связей";;229785;https://www.youtube.com/watch?v=XVbFKcW9kkc
Химия женского счастья. Женские половые гормоны;;187327;https://www.youtube.com/watch?v=AdmY5lCPt4g
Инструкция к применению. Эстрогены;;77770;https://www.youtube.com/watch?v=RPx71SnTiiE
"Юрий Дейгин: ""Замедление часов старения с помощью генной терапии факторами Яманаки""";"Доклад-дискуссия состоялся на ""Научной Среде"" 1 марта 2017 г в библиотеке им. братьев Гримм. Докладчик: Юрий...";4449;https://www.youtube.com/watch?v=gxOCs1YE1r0
Функция яичников. Что разрушает гормоны и настроение?;"Забирай 67 советов ""Как стать и быть счастливой женой"" ♥ http://tebeiemy.ru/muza_67sovetov9 ♥ ☆ Забирай бесплатные видео...";46579;https://www.youtube.com/watch?v=KD38V-Pw-4s
Инструкция к применению. Эстрогены;;77770;https://www.youtube.com/watch?v=RPx71SnTiiE
"Юрий Дейгин: ""Замедление часов старения с помощью генной терапии факторами Яманаки""";"Доклад-дискуссия состоялся на ""Научной Среде"" 1 марта 2017 г в библиотеке им. братьев Гримм. Докладчик: Юрий...";4449;https://www.youtube.com/watch?v=gxOCs1YE1r0
Функция яичников. Что разрушает гормоны и настроение?;"Забирай 67 советов ""Как стать и быть счастливой женой"" ♥ http://tebeiemy.ru/muza_67sovetov9 ♥ ☆ Забирай бесплатные видео...";46579;https://www.youtube.com/watch?v=KD38V-Pw-4s
Гормоны и Их Влияние на Вес.#Гормоны и Их Влияние на Вес.;Гормоны и Их Влияние на Вес.#Гормоны и Их Влияние на Вес. https://youtu.be/AaJV1Xwiwa8 Гормоны, которые играют роль в проце...;33079;https://www.youtube.com/watch?v=AaJV1Xwiwa8
Почему люди храпят во сне?;Почему люди храпят во сне? Человек начинает храпеть, потому что его дыхательные пути сужаются, а глоточные...;944;https://www.youtube.com/watch?v=0dTb_wzlwYw
Как похудеть без диеты и убрать живот. Упражнение вакуум для живота. Техника выполнения;Упражнение вакуум. Одно из лучших упражнений, от запора https://www.youtube.com/watch?v=RsxJjGbyCqI Как убрать живот. Как правил...;72755;https://www.youtube.com/watch?v=H03pu8rkcRc
Вздутие живота, газообразование, газы в кишечнике, метеоризм  Причины и скорая самопомощь;http://zdorov.doktor-kartavenko.ru/neck - получите БЕСПЛАТНО лучшую методику по снятию болей в шейном отделе и системе ЖКТ...;433588;https://www.youtube.com/watch?v=TIShFZBbsyM
Проблема со здоровьем. Маточное кровотечение;;72699;https://www.youtube.com/watch?v=LykLfM5YGwY
🔴ЕСТЬ ЛИ ЖИЗНЬ ПОСЛЕ 50-ти. ЧИСТО ЖЕНСКИЙ СЮЖЕТ. Inna Gonka, E215;Живые новости: https://www.instagram.com/inna_gonka/ ЖИЗНЬ ПОСЛЕ 50-ти И КАК ЭТО ПЕРЕЖИТЬ. ИННА ГОНКА С ЛЮБОВЬЮ ИЗ АМЕРИКИ!...;11403;https://www.youtube.com/watch?v=s0yGJSqOh1w
Придатки. Воспаление. Передача Жить здорово с Еленой Малышевой;Подробнее о заболевании и его лечении вы можете узнать на нашем сайте: www.NarMed24.ru.;90618;https://www.youtube.com/watch?v=RXc8qALDZSQ
Гормональный фон и лишний вес. Часть 1 из 2;"Врач-эндокринолог Ю.А.Шишкова в передаче ""Красотка"" телеканала ТДК рассказывает о гормонах, их влиянии на...";21866;https://www.youtube.com/watch?v=tbBVMNwxWzY
Мочекаменная болезнь, камни в почках.;СПАСИБО ЗА ПОДПИСКУ! Мочекаменная болезнь, камни в почках - причины, симптомы, лечение. Виды почечных камней....;12328;https://www.youtube.com/watch?v=7pcCm6DzXA0
🔴 ЭКО ОПАСНО! Осложнения: ранний климакс, онкология, истощение яичников!;ЭКО ОПАСНО! Осложнения: ранний климакс, онкология, истощение яичников!! Вся правда и мифы вокруг лечения...;4005;https://www.youtube.com/watch?v=1FPpwf6nj_0
Salud Femenina y Metafísica por Aleksandra‏ Grace;Salud Femenina y Metafisica. Женское здоровье и метафизика. En este video Aleksandra Grace nos enseña a sanar el sistema ginecológico femenino con ...;627;https://www.youtube.com/watch?v=5mXPoosBd9k
Сниженный резерв яичников;Лечение бесплодия с помощью ЭКО. Центр Материнства и Репродуктивной Медицины «Петровские Ворота» — одно...;5783;https://www.youtube.com/watch?v=QhA-XaEk99E
Студия Здоровье на ОТР. Золотая осень: внешность и здоровье женщины после 45 (27.09.2015);"Как обмануть природу, смягчить проявления климакса, повысить качество жизни и даже пережить ""вторую молодо...";2217;https://www.youtube.com/watch?v=RqoUUsih_7w
Вся правда о яйцеклетке;;57501;https://www.youtube.com/watch?v=Jp68Knt61TA
"""Без рецепта"" о ЖЕНСКОМ КОМПЛЕКСЕ ВИЖЕН ПРИ КЛИМАКСЕ";ЗАКАЗ И ДОСТАВКА ЖЕНСКОГО КОМПЛЕКСА НА САЙТЕ: http://izdorovo.com/magazin-vision/;1229;https://www.youtube.com/watch?v=WIlDxPB0pBc
Осознанность - путь к женскому счастью. Счастье после 50-ти.;"Смотрите новый выпуск в нашем проекте ""счастье после 50-ти"". Осознанность - путь к женскому счастью. Вот о...";1134;https://www.youtube.com/watch?v=UEWrAAUeNvs
Главный секрет молодой кожи лица: уксус -  тоник Клеопатры;присоединяйтесь к партнёрской программе. Подробности здесь: http://glopart.ru/public/90601 http://glopart.ru/public/90675 Это - уникал...;201767;https://www.youtube.com/watch?v=ILmJh9SD1uU
Giant Myoma - Hysterectomy;Абдоминална хистеректомия поради гигантска миома при жена в менопауза.;2305;https://www.youtube.com/watch?v=Wl0i_OG62Aw
Долой лишний вес! Как появилась идея помочь людям худеть?;Долой лишний вес! Как появилась идея помочь людям худеть? Виола Коштерек — руководитель отдела по обслужив...;535;https://www.youtube.com/watch?v=G0tZjSV271Y
Как да се реагира при влагалищни течения;д-р Гергана Коларова, гинеколог.;841;https://www.youtube.com/watch?v=Z3ZjxM29Wvg
Почему здоровье женщины зависит от здоровья печени;Почему здоровье женщины напрямую зависит от здоровья печени. Состав Y-JXY: володушка, атрактилис яйцевидный,...;6327;https://www.youtube.com/watch?v=gjCq-ZZ7IZ4
Птоз органов и боковое дыхание. Доктор Левашов;В ролике из лекций Левашова И. Б. названы основные причины птоза внутренних органов и механизм их подъема....;2880;https://www.youtube.com/watch?v=fnvoLfnR4_M
ПРОПАЛИ МЕСЯЧНЫЕ. Как восстановить цикл?;Не всегда отсутствие месячных – это серьезные проблемы со здоровьем. Зачастую цикл сбивают те факторы,...;2023;https://www.youtube.com/watch?v=xyCKY9C7uwQ
КАК ЖЕНЩИНЕ ПОВЫСИТЬ УРОВЕНЬ ЭСТРОГЕНОВ ЕСТЕСТВЕННЫМ ПУТЕМ;Шаг 1. Употребляйте в пищу продукты, богатые фитоэстрогенами и природными эстрогеноподобными соединениями....;42308;https://www.youtube.com/watch?v=B99sZpW9rAc
Академик Картавенко В.В. ® Как получить невозможное. Как в короткие сроки восстановить здоровье;При помощи авторских методик в клиник-отеле премиум-класса к Вам вернется счастье быть здоровым http://doktor-kartav...;4331;https://www.youtube.com/watch?v=SpP4eCXk9YM
"""Маленькая хитрость"" как избежать волнение во время презентации в Корее";"""Маленькая хитрость"" как избежать волнение во время презентации в Корее. Страх сцены (страх публичных высту...";967;https://www.youtube.com/watch?v=N7jETfuuikU
Гипергидроз: почему человек сильно потеет?;Как по поту распознать серьезное заболевание расскажет врач общей практики, терапевт, дерматолог Лариса...;120986;https://www.youtube.com/watch?v=AWRoHqamGdE
Климактерический синдром. Что это такое? Чем лечить?;http://9nina9.com/Wo.htm Чем лечить? Здесь ответ!;3573;https://www.youtube.com/watch?v=fNdjyd320zA
Формидрон: стоит ли бояться?;Аналогичное видео жестами: https://www.youtube.com/watch?v=w3TE6S9kBUU.;39307;https://www.youtube.com/watch?v=Qqmd0XZZdxo
Серелис - секрет французских женщин при климаксе;Натуральное негормональное средство без фитоэстрогенной активности для женщин в менопаузе - Серелис Подр...;179;https://www.youtube.com/watch?v=yXejG-SBaMc
Квасцы жженые - бюджетный аналог DRY DRY;Помощь в развитии канала ⬇  ⬇  ⬇   Яндекс деньги 410012583357109 Карта Сбербанк 4276 6600 1410 0333 Моя партнерская...;93322;https://www.youtube.com/watch?v=e_eLXVuQbRo
Жить Здорово. Ночная потливость.mp4;http://stepanovaeva.ru.;20635;https://www.youtube.com/watch?v=87s2JxNexqA
Лечение гипергидроза;Гипергидрация - это состояние, когда имеется повышенная потливость, потливость, которая возникает и в обыде...;19081;https://www.youtube.com/watch?v=jhVT7GC5SZk
Антиперспирантное действие на гипергидроз;Об использовании концентрированных антиперспирантов в борьбе с повышенной потливостью рассказывает тора...;12739;https://www.youtube.com/watch?v=ojc5De7L3Sw
Гипергидроз. Потливость ладоней и подмышек. Хирургическое лечение - операция;Гипергидроз — состояние, при котором потливость ладоней, подмышечных впадин, или же подошвенных областей...;1518;https://www.youtube.com/watch?v=333ljLEamco
Омоложение: практики Кружения Суфи;Как быть молодым и здоровым? Секреты Ирины Бйорно www.biorno.ru.;11333;https://www.youtube.com/watch?v=71h-sLQOnWU
Реклама Виши Неовадиол Компенсирующий комплекс;Рекламный ролик крем Neovadiol Vichy.;1369;https://www.youtube.com/watch?v=fwZpC8ICz4o
Бетасерк: инструкция по применению, показания, аналоги;В видео описывается препарат Бетасерк в таблетках. Приведены показания и противопоказания к препарату,...;37821;https://www.youtube.com/watch?v=ixCeyvFdhng
Повышенная потливость - гипергидроз;Косметолог, дерматолог Ирина Котова рассказывает о гипергидрозе - повышенной потливости подмышек, ног,...;259853;https://www.youtube.com/watch?v=Jh0WzEu8Nck
Решаем проблему повышенного потоотделения с помощью инъекций ботулотоксина;Проблему повышенного потоотделения(гипергидроз) можно решить с помощью инъекций ботулотоксинов. В данном...;6286;https://www.youtube.com/watch?v=1ryARsq7EOU
Менопаузальная гормональная терапия в объеме реабилитационных мероприятий онкобольных;Менопаузальная гормональная терапия в объеме реабилитационных мероприятий онкологических больных: можно...;121;https://www.youtube.com/watch?v=z4nzrHM8TG8
Почему человек потеет ночью. Связь с обструктивным апноэ сна;Почему человек потеет ночью. Видео дает ответ для людей, у которых сильно потеет во сне голова, шея и верхняя...;15619;https://www.youtube.com/watch?v=wdPxOGYbpDQ
Клевер Лечебные свойства и противопоказания;Клевер луговой - растение известное своей способностью очищать и разжижать кровь. Клевер не используется...;48895;https://www.youtube.com/watch?v=sl5gTvQR-88
МОНТАЖ || ЖОПА ПОТЕЕТ;;51;https://www.youtube.com/watch?v=KbY9jd1bXwo
Ионофорез с регулятором силы тока / DIY iontophoresis with current regulator;Меняем полярность через каждые 4 процедуры.;13637;https://www.youtube.com/watch?v=Z9p8vXyovm0
Самое лучшее: Тонкая талия с Ириной Бйорно (часть 1);присоединяйтесь к партнёрской программе. Подробности здесь: http://glopart.ru/public/90601 http://glopart.ru/public/90675 Это - уникал...;45747;https://www.youtube.com/watch?v=b8iEtIi-Vb4
Самые вредные диеты. Как не надо худеть;;1567;https://www.youtube.com/watch?v=VF3j1BYVnfk
Лимфомиозот Н, инструкция. Пищевая добавка, источник йода и фолиевой кислоты;Лимфомиозот Н ,инструкция по применению. Производитель: Биологише Хайльмиттель Хеель, Германия Препарат...;8732;https://www.youtube.com/watch?v=ZXJ_uZ8OAfY
Лечение гипергидроза в Узбекистане (на русском);Лечение повышенной потливости в Ташкенте.;526;https://www.youtube.com/watch?v=8RjfaRwsn8M
ЗАПАХ ПОДМЫШЕК ИСЧЕЗНЕТ НАВСЕГДА! Попробуй ЭТИ эффективные ДОМАШНИЕ СРЕДСТВА.;Если вы не хотите использовать химические продукты или попробовали использовать дезодорант, то для того,...;187205;https://www.youtube.com/watch?v=pEk10uQxRjo
"Урологично отделение  - Болница ""Дева Мария"" Бургас";"Д-р Дичо Калоянов - началник на отделение по урология в МБАЛ ""Дева Мария"" за съвременното лечение на урологич...";1523;https://www.youtube.com/watch?v=zdZa52J8IVA
Вся правда о половом члене;;507468;https://www.youtube.com/watch?v=IY7dItn33vE
Max-F лучший антиперспирант;Задумайтесь, что лучше? Эффективный антиперспирант с лечебным эффектом или дорогостоящая процедура? Безус...;20435;https://www.youtube.com/watch?v=2lcJHA7YwJc
Моя ужасная счастливая история. Операция на вросшей плаценте;;6364;https://www.youtube.com/watch?v=KI4R2tSeUAQ
Что такое тибетская медицина - Саян Раднаев (Клиника Тибетский Доктор);Запишитесь на бесплатную консультацию: https://doctortibet.com/ Что такое тибетская медицина, как она работает, каким...;607;https://www.youtube.com/watch?v=nTDq8xn0PP8
Изометрическая гимнастика для тазобедренных суставов. Часть 2;Индивидуальные консультации и персональные онлайн-тренировки. Группа в вк: https://vk.com/yourhealthybody Instagram: https://www.ins...;17;https://www.youtube.com/watch?v=HxysvmvTCpU
Изометрическая гимнастика для тазобедренных суставов. Часть 3;Индивидуальные консультации и персональные онлайн-тренировки. Группа в вк: https://vk.com/yourhealthybody Instagram: https://www.ins...;15;https://www.youtube.com/watch?v=GdYEOiUsQ78
Интимная пластика (пластика половых губ, восстановление девственной плевы);"Многопрофильный медицинский центр ""Ви-Терра"" Отделение акушерства и гинекологии Сайт: http://www.vi-terra.ru/ м. Беляе...";135628;https://www.youtube.com/watch?v=O9npYWeG7Ko
ЧТО ДЕЛАТЬ, ЕСЛИ ЗРЕНИЕ УХУДШАЕТСЯ! Родинки, кружится голова и др. Виталий Островский. Вопрос ответ;ЧТО ДЕЛАТЬ, ЕСЛИ ПАДАЕТ ЗРЕНИЕ! Родинки, кружится голова и др. Виталий Островский. Вопрос ответ. Все Книги...;84175;https://www.youtube.com/watch?v=7SNbtvlbQ6U
42 летняя НЕСТАРЕЮЩАЯ КРАСАВИЦА из Тайваня ее сестры и мать делятся своими секретами молодости;Вопросы сохранения молодости и красоты интересуют многих как женщин так и мужчин . Особенно интересен вопр...;63271;https://www.youtube.com/watch?v=bdZ8lwt0UQ4
Сеанс гипноза ★ Мощная гипнотехника на раскрытие внутреннего потенциала, глубокая трансформация! ★;Сеанс гипноза - медитация ☆ Глубокая трансформация, раскрытие способностей, внутреннего потенциала ☆...;176015;https://www.youtube.com/watch?v=qcta-CClN28
КАНДИДА - СУПЕР СЕКРЕТ! ОТКУДА БЕРУТСЯ БОЛЕЗНИ, ПРИЛИВЫ, ПОДАГРА, АРИТМИЯ и др.;Внимание! Данная информация дана Вам в ознакомительных целях! Применять на себе показанные в видео методик...;275613;https://www.youtube.com/watch?v=pjRutHf8SYQ
ВЫ СЕБЯ НЕ УЗНАЕТЕ! ДАВЛЕНИЕ ПРИДЁТ В НОРМУ, ГУСТАЯ КРОВЬ! БЛАГАЯ ВЕСТЬ!;ВЫ СЕБЯ НЕ УЗНАЕТЕ! ДАВЛЕНИЕ ПРИДЁТ В НОРМУ, БЛАГАЯ ВЕСТЬ! Густая кровь! Все материалы, представленные на...;1053467;https://www.youtube.com/watch?v=aqk44gzjPJ8
10 Домашних Средств, Чтобы Избавиться от Жира на Животе Без Упражнений;Подпишитесь на AdMe: http://goo.gl/DgUonf ---------------------------------------------------------------------------------------- Жир на животе никому из нас...;7839792;https://www.youtube.com/watch?v=_WBXRFpofJk
ПРИНЦИПЫ ПИТАНИЯ ПОСЛЕ 40-ОЛЬГА БУТАКОВА;DIMADZASHI@GMAIL.COM.;276765;https://www.youtube.com/watch?v=p5gf3WqjXD0
Программа снятия биоэнергетических поражений;Не для кого не секрет, что человек представляет собой сложную биоэнергетическую машину, обладающую своим...;1257627;https://www.youtube.com/watch?v=6sN3ehnI8Iw
Emotional Wake Up Call - Teal Swan-;Subscribe to Receive a New Video Every Saturday: http://bit.ly/SubTealSwan ❤ Free Gift: By pre-ordering Teal's new book The Anatomy of Loneliness you ...;460703;https://www.youtube.com/watch?v=wMC7ULTSPEE
БЕССОННИЦЫ - НЕТ !!!;"БЕССОННИЦЫ - НЕТ !!! Моя партнерская программа http://join.air.io/dom МОЙ 2Й КАНАЛ ""МАРИНА ЦВЕТЫ"" - Про сад, огород, цветов...";200772;https://www.youtube.com/watch?v=OSJa79j_X04
ЗОЛОТЫЕ ПРАВИЛА ЗДОРОВЬЯ МАРВЫ ОГАНЯН | Мирамир;Многие болезни, считающиеся неизлечимыми - аллергию, гипертонию, рак и диабет - можно победить природным...;341370;https://www.youtube.com/watch?v=ISSh1QZLx5M
Марва Оганян  Масла, Авокадо, Желтки, Сметана, Сливки;Регистрируйтесь на грандиозное мероприятие - Всероссийская онлайн-конференция Натуропатия http://urbanqueen.ru/natoro...;17456;https://www.youtube.com/watch?v=8xygLZ-5X3Q
Советы для женщин. Торсунов О.Г.;Торсунов Олег Геннадьевич © http://www.torsunov.ru Советы для женщин. Цикл утренних передач украинского ТВ с участием...;131646;https://www.youtube.com/watch?v=01poNV-oB6U
ЙОГА ДЛЯ ЖЕНЩИН на канале таймстади ру | УРОК 2;Обратить свое внимание на йогу для женского здоровья имеет смысл в нескольких случаях: •Проблемы с менстр...;50629;https://www.youtube.com/watch?v=e0ArPFS9KsE
Редкое видео! Лазарев Сергей Николаевич играет на гитаре и поёт романсы;Весенний подарок. Музыкальное видео из архива. ЛАЗАРЕВ С.Н. видеоканал - https://goo.gl/HJPBAL ДИАГНОСТИКА Кармы -...;22335;https://www.youtube.com/watch?v=mU3VUSKrYLQ
2018! ЛУЧШИЙ В МИРЕ РЕЦЕПТ ОТ ГОЛОВНОЙ БОЛИ, ВЫСОКОГО ДАВЛЕНИЯ, ОСТЕОХОНДРОЗА, НАРУШЕНИЯ СНА!;Внимание! Данная информация дана Вам в ознакомительных целях! Применять на себе показанные в видео методик...;69344;https://www.youtube.com/watch?v=ofhEmZoWhEQ
Гормоны и Фитоэстрогены в Косметике;Правда ли, что в эффективной косметике содержатся гормоны? Нет, гормоны запрещены законом. Но что будет,...;13417;https://www.youtube.com/watch?v=-j1XMhn9AM8
What happens when you have a disease doctors can't diagnose | Jennifer Brea;Five years ago, TED Fellow Jen Brea became progressively ill with myalgic encephalomyelitis, commonly known as chronic fatigue syndrome, a debilitating ...;583325;https://www.youtube.com/watch?v=Fb3yp4uJhq0
The happy secret to better work | Shawn Achor;http://www.ted.com We believe that we should work to be happy, but could that be backwards? In this fast-moving and entertaining talk from TEDxBloomington, ...;2526915;https://www.youtube.com/watch?v=fLJsdqxnZb0
Жить здорово! Почему у женщин выпадают волосы. Три теста при выпадении волос.;Пышные густые блестящие волосы – это красиво. И если вдруг волосы начали выпадать, женщина воспринимает...;472301;https://www.youtube.com/watch?v=IdgIiDWvVEk
Al Bano & Romina Power  - Tu Soltanto Tu (1982);С Аль Бано Карризи юная Ромина познакомилась в 1969 году на съемочной площадке - молодые люди вместе снималис...;928988;https://www.youtube.com/watch?v=fc17TPr1Jic
Упражнения для похудения после 50 лет - Комплекс упражнений для женщин после 45 лет;Ещё ТРЕНИРОВКИ ДОМА ДЛЯ ЖЕНЩИН по ссылке: https://goo.gl/SZSJbP Фитнес-весна - наш лучший тренинг СО СКИДКОЙ здесь:...;232025;https://www.youtube.com/watch?v=QAEOQuiyrXg
ПРИШЕЛ ВО СНЕ - LOST #14;Неожиданный поворот данной истории! Нажмите Здесь, чтобы Подписаться! → http://bit.ly/YPGames Страница ВК → http://vk.com/...;6968513;https://www.youtube.com/watch?v=gn8A0PZwjd4
How to Convert Into an Equol Producer;Certain gut bacteria can supercharge the benefits of soy foods, resulting in even more bone protection, better control of menopausal symptoms, and lower ...;42154;https://www.youtube.com/watch?v=MjoHyxGT2rE
Краниосакральная остеопатия для себя - головная боль и венозный отток;Краниосакральная остеопатия для себя - головная боль и венозный отток. Простые техники самокоррекции –...;70949;https://www.youtube.com/watch?v=FYdc3KPgIbU
Сергей Савельев -американский и китайский мозг.;"https://t.me/GoodLec издательство ""ВЕДИ"" https://www.youtube.com/channel/UCoiyr9RVNBRYy2PQS2BHhKQ http://goodlec.com/ Аудикниги и лекции ...";28184;https://www.youtube.com/watch?v=CU2QDSZ-12c
ПОЛНОЕ ИЗЛЕЧЕНИЕ  ПЕРЕКИСЬЮ ВОДОРОДА! ПРОФЕССОР НЕУМЫВАКИН.  ЛЕЧЕНИЕ ГАСТРИТА. #oldenburg.ru;ПЕРЕКИСЬ - МОЖНО ДЕТЯМ? https://www.youtube.com/watch?v=wDABp_W2HYM ВРЕДЕН ЛИ НАТРИЙ БЕНЗОАТ В ПЕРЕКИСИ В.?;1369335;https://www.youtube.com/watch?v=O_QbBLSqPZ8
Как и зачем применять ВНУТРЬ перекись - отзывы о приеме перекиси водорода;Как принимать перекись водорода по Неумывакину. Лечение перекисью водорода методы, рецепты, отзывы.;330961;https://www.youtube.com/watch?v=VMyh9BUFq5M
The Menstrual Cycle;What is the menstrual cycle? The menstrual cycle refers to the regular changes in the activity of the ovaries and the endometrium that make reproduction ...;368096;https://www.youtube.com/watch?v=QfjiOZ-iCeA
How Did Doctors Not Know About the Risks of Hormone Therapy?;Women were placed in the way of harm by their physicians, who acted as unsuspecting patsies for the drug companies. Subscribe to Dr. Greger's free nutrition ...;50657;https://www.youtube.com/watch?v=SxyTGL3aGZE
Trans 101: Ep 16 - Dangers of Hormone Replacement Therapy [CC];Welcome to the Trans 101 series! Today we are talking about Every day in August a new video will come out! Here are links: Hormone Replacement Therapy: ...;32527;https://www.youtube.com/watch?v=vLN6HgyVtpo
Старение. Все как у зверей | Живая Планета;Как происходит старение у живых организмов, и почему некоторые животные внешне не стареют? Подпишись на...;30092;https://www.youtube.com/watch?v=zxr_B4CYdWg
"""ФИТНЕС БИКИНИ"" - СТОИЛО ЛИ ОНО ТОГО?";ИНДИВИДУАЛЬНЫЕ ПРОГРАММЫ от TGYM - https://vk.com/topic-44770386_34993142 Instagram ТАНЯ--------------- https://instagram.com/tanyatgym ...;287835;https://www.youtube.com/watch?v=I3bHoMtiYEo
Coconut Water and Depression;The science behind the marketing of foods for antidepressant effects. Subscribe to Dr. Greger's free nutrition newsletter at https://www.nutritionfacts.org/subscribe ...;54273;https://www.youtube.com/watch?v=I77NYe6sNio
Ivan Oransky: Are we over-medicalized?;http://www.ted.com Reuters health editor Ivan Oransky warns that we're suffering from an epidemic of preposterous preconditions -- pre-diabetes, pre-cancer, ...;37917;https://www.youtube.com/watch?v=GIbz9ms9Z9k
Почему от меня плохо пахнет. 3 причины неприятного запаха;;554561;https://www.youtube.com/watch?v=rzRfZhgSU1M
How Much Lead Is in Organic Chicken Soup (Bone Broth)?;Lead from occupational exposures, shooting ranges, eggs and bone broth is reviewed. Subscribe to Dr. Greger's free nutrition newsletter at ...;32052;https://www.youtube.com/watch?v=PgAlIqnIop8
Почему там чешется? Причины зуда во влагалище;;549546;https://www.youtube.com/watch?v=lvYqB7tLauk
Is it Worth Getting Annual Health Check-Ups?;What are the risks and benefits of getting an annual check-up from your doctor? Subscribe to Dr. Greger's free nutrition newsletter at ...;45256;https://www.youtube.com/watch?v=4oCRxN4pfPw
Coconut Water and Depression;The science behind the marketing of foods for antidepressant effects. Subscribe to Dr. Greger's free nutrition newsletter at https://www.nutritionfacts.org/subscribe ...;54273;https://www.youtube.com/watch?v=I77NYe6sNio
Ivan Oransky: Are we over-medicalized?;http://www.ted.com Reuters health editor Ivan Oransky warns that we're suffering from an epidemic of preposterous preconditions -- pre-diabetes, pre-cancer, ...;37917;https://www.youtube.com/watch?v=GIbz9ms9Z9k
Почему от меня плохо пахнет. 3 причины неприятного запаха;;554561;https://www.youtube.com/watch?v=rzRfZhgSU1M
How Much Lead Is in Organic Chicken Soup (Bone Broth)?;Lead from occupational exposures, shooting ranges, eggs and bone broth is reviewed. Subscribe to Dr. Greger's free nutrition newsletter at ...;32052;https://www.youtube.com/watch?v=PgAlIqnIop8
Почему там чешется? Причины зуда во влагалище;;549546;https://www.youtube.com/watch?v=lvYqB7tLauk
Is it Worth Getting Annual Health Check-Ups?;What are the risks and benefits of getting an annual check-up from your doctor? Subscribe to Dr. Greger's free nutrition newsletter at ...;45256;https://www.youtube.com/watch?v=4oCRxN4pfPw
МОЯ СОБАКА ЛУНАТИК 10 ГЛАВНЫХ ФАКТОВ О ДЖИНЕ | Elli Di Pets;Приложение Badoo: http://badoo.com/install Инстаграм о моих питомцах: http://goo.gl/zCRCuS ▽Я в соц сетях ▽ ЖМИ ЕЩЕ ▽ ТОП10 Плейлист...;3095691;https://www.youtube.com/watch?v=izFa1tvw2HE
"Ara Bublik: разбор отчетов для ""попаноги""";вторая часть разбора ошибок при планировании своего дня.;38704;https://www.youtube.com/watch?v=ihZhYSpciWo
Лечение эндометриоза не страшно и не больно.;;88348;https://www.youtube.com/watch?v=jkHEJ-awikU
What’s Not to Love? OITNB’s Lea DeLaria;For all of Lea DeLaria's empowering journey from mortified Catholic schoolgirl to OITNB superstar, watch her video above, then spread the message that you ...;255080;https://www.youtube.com/watch?v=C2F2R2vGE98
Should Pregnant Women Take Calcium Supplements to Lower Lead Levels?;The effects of sodium and calcium intake on blood lead levels in pregnant and breastfeeding women. Subscribe to Dr. Greger's free nutrition newsletter at ...;17407;https://www.youtube.com/watch?v=3U7hMhWYZbc
Причины учащенного сердцебиения и пульса;http://o-gipertonii.znaju-kak.com - Здесь самые эффективные натуральные средства от гипертонии! Пульсом принято называть...;22789;https://www.youtube.com/watch?v=zzK58p7d0-k
Weight loss Secrets // You need to know it!  // SPANISH SUBS;Weight loss Secret. In many cases the secret of weight loss is in the metabolic rate of the body. What is metabolism? Metabolism is a general name for all the ...;494;https://www.youtube.com/watch?v=g-G76iFlOjQ
Марва Оганян рвёт ВРАчей: гной, аллергия, астма онкология. СМОТРЕТЬ ВСЕМ!!;Подписывайтесь на канал и ставьте лайки, нам это очень важно . Смотрите видео https://www.youtube.com/watch?v=RaoaGYsxFT8 знать...;31686;https://www.youtube.com/watch?v=njKElc0CDsw
How to Block Breast Cancer's Estrogen-Producing Enzymes;What happens to hormone levels in women (and men) randomized to drink soymilk? Subscribe to Dr. Greger's free nutrition newsletter at ...;52073;https://www.youtube.com/watch?v=AvSLeoUVb54
Самое лучшее с IHERB за всё время;Привет, мои любимые! Как вы поняли из названия сегодня поделюсь самым крутым, что удалось испробовать за...;204807;https://www.youtube.com/watch?v=O3mxkOGsbvY
Ленинград — Ueban;http://www.sosimc.ru iTunes http://smarturl.it/leningrad http://www.ueban.tv Производство — http://fancyshot.com Продюсер — Дмитрий Муравьев Арт-дирек...;5464748;https://www.youtube.com/watch?v=jUZO0zpHhOA
Йога за отслабване, здраве и стягане на корем за начинаещи;За контакт с Боби http://bobiyoga.com/ Подходяща за всички нива + за начинаещи. Йога клас. Йога за енергия и сила. Yoga...;47921;https://www.youtube.com/watch?v=kKiKQsW_A_E
"""Тяжёлая записка"". Чувство вины. Фригидность. Нельзя топтать себя и других";ДИАГНОСТИКА КАРМЫ, подписка - https://goo.gl/nmhvaf С.Н.Лазарев, подписка на видео тут - https://goo.gl/HJPBAL Полное видео досту...;35558;https://www.youtube.com/watch?v=I7Rt5Dr5__0
Who Shouldn't Eat Soy?;How can soy foods have it both ways, pro-estrogenic effects in some organs (protecting bones and reducing hot flash symptoms) but anti-estrogenic effects in ...;187988;https://www.youtube.com/watch?v=vltbg3NUSQs
Бесплодие, фибромиомы, эрозии, кисты яичников. ВАЖНО!!!;Официальный сайт: http://bioexpert.ru Константин Борисович Заболотный, врач семейной медицины, врач педиатр, врач...;59427;https://www.youtube.com/watch?v=2JPtEO9Kxrg
When Should You Break Up? I Just Between Us;Allison and Gaby have different opinions on break ups. Also, Gaby reveals a secret. Shot by the voluptuous Phil Hamilton Help us caption & translate this video!;213745;https://www.youtube.com/watch?v=a42B7m0AvUk
The Best Diet for Fibroids;The same diet that helps regulate hormones in women may also reduce exposure to endocrine-disrupting pollutants. Subscribe to Dr. Greger's free nutrition ...;47267;https://www.youtube.com/watch?v=u1EwwqC91IM
"""Сидячая"" болезнь. Геморрой";;1054296;https://www.youtube.com/watch?v=y-2YAQkdoiI
Как Лечить ВАРИКОЗ? ✅5 Способов Лечения ВАРИКОЗА Вен Народными Средствами;Как избавиться от варикоза за 1 неделю ▷ http://bit.ly/2yOEeFg Как лечить #варикоз? ✅5 Способов лечения варикоза...;353876;https://www.youtube.com/watch?v=CjQtnvqcbUU
Выпуск #1 - 10 интересных фактов;10 интересные фактов - первый выпуск. Выпуск #1 1) Факты о слонах 2) Факты о кошках 3) Факты о человеческом мозге...;12979;https://www.youtube.com/watch?v=kxfkWn6WZCA
НЕВЕРОЯТНО ПРОСТОЕ СРЕДСТВО, ЧТОБЫ БЫТЬ ЗДОРОВЫМ!!!;Внимание! Данная информация дана Вам в ознакомительных целях! Применять на себе показанные в видео методик...;63630;https://www.youtube.com/watch?v=fFdeWuvSldg
SCP-511 Basement Cat | Object Class Euclid | Animal SCP / Hostile SCP;SCP-511 is a mass of biological matter taking the form of a large feline, often with extra limbs, eyes, mouths or other organs. It is typically coated with dirt, blood ...;39177;https://www.youtube.com/watch?v=dVY3iuDkSOI
Women in comedy: Regina Barreca at TEDxUConn 2013;A comedian and professor of English and Feminist Theory at the University of Connecticut, Dr. Gina Barreca discusses the changing role of women in the ...;8772;https://www.youtube.com/watch?v=-iM53Wb-uiI
Валерий Синельников: Причины лишнего веса;Почему люди начинают много есть и толстеют. http://poznavatelnoe.tv - много интересного. http://beztabletok.ru - фестиваль здоро...;95729;https://www.youtube.com/watch?v=Hi_G0z4NMbc
Запор у женщин в возрасте  45+;После 45летнего возраста половина населения страдает запором, и чаще других страдают именно женщины. Каков...;5252;https://www.youtube.com/watch?v=m_AdpRgiIS8
Д-р Мария Папазова за ползите от Бял Равнец;Бял Равнец се препоръчва при проблеми с черния дроб и жлъчката, при различни заболявания при жените, стомаш...;5984;https://www.youtube.com/watch?v=mqRbMnL3Y1A
Поза бабочки лежа. Супта баддха конасана.;Соедините ноги. Согните. Поставьте пятки, как можно ближе к паху. Теперь разведите бедра и колени в стороны,...;18278;https://www.youtube.com/watch?v=eCES-MlA2Kk
Donating Blood to Prevent Heart Disease?;An extraordinary thing happened when those at high risk for heart disease were randomized to give blood—and it had nothing to do with their heart. Subscribe ...;34090;https://www.youtube.com/watch?v=FQjcukHk3KM
ОБВИСЛАЯ КОЖА причины ее возникновения и способы предотвращения;видео об обвислой коже, ее причинах и способах ее предотвращения Когда возраст приближается к 40 в нашем...;21365;https://www.youtube.com/watch?v=ciLBlPFAEUM
Я тоже хочу шоколадку!;;75466;https://www.youtube.com/watch?v=TNvFAfoM95Y
Метод Бутейко: дыхание вместо лекарств;полный ролик: http://www.vesti.ru/videos?vid=184328 http://www.buteykomoscow.ru/;464814;https://www.youtube.com/watch?v=kQgowzlZRho
От чего болят ноги?;"""О самом главном"" – все самое главное о вашем здоровье. http://russia.tv/brand/show/brand_id/5214 Что делать, если болят ноги?...";85745;https://www.youtube.com/watch?v=vU1jRIsGDC8
Как спать, чтобы похудеть. Правильно спим и худеем.;Как спать, чтобы похудеть. Правильно спим и худеем. Оставить заявку на онлайн консультацию по похудению...;561299;https://www.youtube.com/watch?v=QBry2puDiFI
Зубные импланты. Сколько прослужат импланты?  Клиника ROOTT;Расчет точной стоимости лечения за 5 минут - https://goo.gl/VoRXJU Зубные импланты. https://goo.gl/25FvRc Гарантиру...;14164;https://www.youtube.com/watch?v=tuYj88z02c8
Lauren Zalaznick: The conscience of television;http://www.ted.com TV executive Lauren Zalaznick thinks deeply about pop television. Sharing results of a bold study that tracks attitudes against TV ratings over ...;82523;https://www.youtube.com/watch?v=fIqABIcKIvs
Убираем Обвисший Живот Женщины;Как убрать обвисший живот? Рекомендации о том, как избавиться от живота, начинаются с совета о правильном...;758914;https://www.youtube.com/watch?v=FvHHxtJadQc
Высокое артериальное давление. Как привести высокое давление в норму.;Внимание! Данная информация дана Вам в ознакомительных целях! Применять на себе показанные в видео методик...;23664;https://www.youtube.com/watch?v=0jpdp095QY0
TRIGLICERIDOS ALTOS SON UN VERDADERO PELIGRO - QUE HACER ana contigo;si quieres saber màs haz click en este enlace aquí: Serie “Triglicéridos y Colesterol”: ...;511;https://www.youtube.com/watch?v=zTvbNUz8kn0
Сборник любимых татарских песен (часть 1);Запись с аудиокассеты, Рустам Сарваров и Гольнур.;437987;https://www.youtube.com/watch?v=MFUEoZfGgMU
גיל המעבר בקרב נשים: מה שצריך לדעת;עד לפני 100 שנים תוחלת החיים של אישה הייתה 50 שנה, כלומר האישה סיימה את חייה במקביל לסוף תקופת הפוריות שלה. כיום...;45;https://www.youtube.com/watch?v=kqMR7pqtjj8
Как готовить и приготовить кофе в турке с лимоном без риска для жизни? Полезные советы диетолога;Как готовить и приготовить кофе в турке с лимоном без риска для жизни? Полезные советы диетолога Скачко...;2199;https://www.youtube.com/watch?v=taWdji42R2A
Медитации для женщин. Женские медитации. Что такое медитации для женщин.;Медитации для женщин. Получите Бесплатные видео-практики на прибыль и финансовый рост http://toriya8.ru/rost_04/?utm_source=...;4174;https://www.youtube.com/watch?v=yXWyM4KKwC8
О гормоне ДГА;Как по анализу гормонов определить умён человек или нет? Илья Магеря начинал карьеру врача как анестезиоло...;12563;https://www.youtube.com/watch?v=jk2FDpskEMc
Результаты применения продукта NSP в оздоровлении женщин часть 1;О ПРОДУКЦИИ http://nsp.kiev.ua/;1506;https://www.youtube.com/watch?v=L6YmBOG6pio
Результаты применения продукта NSP в оздоровлении женщин часть 1;О ПРОДУКЦИИ http://nsp.kiev.ua/;1506;https://www.youtube.com/watch?v=L6YmBOG6pio
Чем опасна низкая температура тела у человека?;http://www.athleticblog.ru Чем опасна низкая температура тела у человека.;4492;https://www.youtube.com/watch?v=98N76n06ivA
Что такое фолликулометрия. Овуляция. Сопровождение беременности в клинике Genesis Dnepr;Ладьюкова Ольга отвечает на вопрос, что такое фолликулометрия и как часто ее нужно делать. Лечение сложных...;18143;https://www.youtube.com/watch?v=4zMy1XFKNnE
"Презентация курса: ""Женщины серебряного возраста или как прожить менопаузу легко""";"7.04.2018 г. прошла презентация нового курса ""Женщины серебряного возраста"" Дорогие женщины! Специально для...";512;https://www.youtube.com/watch?v=iRzk4p0x_bc
sakanno Тонгкат Али и ganoderma lucidum семейная жизнь;http://vitality-e.com Уникальное сочетание Тонгкат Али и ganoderma lucidum дали нам эксклюзивный продукт для мужчин и женщин.;6033;https://www.youtube.com/watch?v=b0EDYJrvrhA
Беременность после 40 лет. Как забеременеть после 40 лет;После 45 лет в организме женщины происходят значительные изменения, самые существенные из них касаются...;92108;https://www.youtube.com/watch?v=SjE7R0AHFaE
Въведение в ин йога за релаксирани бедра и таз - Йога с Таня;Абонирай се: https://goo.gl/UMXgGf Facebook: https://www.facebook.com/Yogastanya Instagram: https://www.instagram.com/yogastanya/ Когато стоим за ...;1550;https://www.youtube.com/watch?v=Sv7ZT-6eVr8
Что такое остеопороз ( часть 1);"Дано определение заболевания; Названы причины возникновения остеопороза, перечислены факторы, которые...";746;https://www.youtube.com/watch?v=Dm79YUc-qYk
Популярное направление Fly yoga или йога в гамаках;Флай йога это популярное направление с элементами воздушной гимнастики, которое выполняется на специально...;57264;https://www.youtube.com/watch?v=2nfPdyzKpSA
Длительность полового акта у настоящего мужика;Записаться на приём! - http://doctormakarova.ru/2015/08/15/doktor-makarova-stazh-i-predlozheniya/ Задать вопрос ...;4515793;https://www.youtube.com/watch?v=MoNrkYGEi4c
GETTING NAKED FOR ANOTHER WOMAN;This week Rosie and I discuss everything from our sex lives to getting naked for another woman. Yes it actually happened. Check out our previous video here ...;728145;https://www.youtube.com/watch?v=phXoIgwsFlY
